test_case,id,value
EXIST2025,220397,NO
EXIST2025,220591,NO
EXIST2025,220897,NO
EXIST2025,220539,NO
EXIST2025,220280,YES
EXIST2025,220209,YES
EXIST2025,220487,NO
EXIST2025,220187,YES
EXIST2025,220115,NO
EXIST2025,220678,YES
EXIST2025,220663,YES
EXIST2025,220377,NO
EXIST2025,220219,NO
EXIST2025,220405,YES
EXIST2025,220809,NO
EXIST2025,220527,YES
EXIST2025,220407,NO
EXIST2025,220508,NO
EXIST2025,220240,YES
EXIST2025,220349,NO
EXIST2025,220498,NO
EXIST2025,220584,NO
EXIST2025,220908,YES
EXIST2025,220581,YES
EXIST2025,220106,NO
EXIST2025,220841,NO
EXIST2025,220940,NO
EXIST2025,220693,YES
EXIST2025,220810,YES
EXIST2025,220752,NO
EXIST2025,220035,YES
EXIST2025,220379,YES
EXIST2025,220211,NO
EXIST2025,220658,NO
EXIST2025,220426,NO
EXIST2025,220930,NO
EXIST2025,220671,YES
EXIST2025,220603,YES
EXIST2025,220182,NO
EXIST2025,220617,NO
EXIST2025,220236,NO
EXIST2025,220394,NO
EXIST2025,220478,YES
EXIST2025,220047,YES
EXIST2025,220176,NO
EXIST2025,220158,NO
EXIST2025,220374,YES
EXIST2025,220888,NO
EXIST2025,220351,YES
EXIST2025,220924,NO
EXIST2025,220787,YES
EXIST2025,220933,NO
EXIST2025,220156,NO
EXIST2025,220257,NO
EXIST2025,220185,YES
EXIST2025,220585,NO
EXIST2025,220100,NO
EXIST2025,220999,NO
EXIST2025,220352,NO
EXIST2025,220384,NO
EXIST2025,220771,YES
EXIST2025,220332,YES
EXIST2025,220731,NO
EXIST2025,220042,YES
EXIST2025,220732,YES
EXIST2025,220148,NO
EXIST2025,220630,YES
EXIST2025,220476,YES
EXIST2025,220017,NO
EXIST2025,220922,NO
EXIST2025,220777,YES
EXIST2025,220991,YES
EXIST2025,220127,NO
EXIST2025,220272,YES
EXIST2025,220423,NO
EXIST2025,220848,NO
EXIST2025,220989,NO
EXIST2025,220635,YES
EXIST2025,220099,NO
EXIST2025,220791,NO
EXIST2025,220131,YES
EXIST2025,220744,NO
EXIST2025,220357,NO
EXIST2025,220428,NO
EXIST2025,220931,YES
EXIST2025,220254,NO
EXIST2025,220852,YES
EXIST2025,220222,NO
EXIST2025,220504,NO
EXIST2025,220750,NO
EXIST2025,220048,NO
EXIST2025,220325,YES
EXIST2025,220701,YES
EXIST2025,220883,NO
EXIST2025,220261,NO
EXIST2025,220039,NO
EXIST2025,220494,NO
EXIST2025,220387,YES
EXIST2025,220870,YES
EXIST2025,220800,YES
EXIST2025,220712,NO
EXIST2025,220542,NO
EXIST2025,220651,NO
EXIST2025,220241,NO
EXIST2025,220466,YES
EXIST2025,220950,NO
EXIST2025,220096,YES
EXIST2025,220626,NO
EXIST2025,220155,NO
EXIST2025,220705,NO
EXIST2025,220054,NO
EXIST2025,220019,NO
EXIST2025,220850,NO
EXIST2025,220358,NO
EXIST2025,220535,NO
EXIST2025,220470,NO
EXIST2025,220388,NO
EXIST2025,220622,NO
EXIST2025,220004,NO
EXIST2025,220432,NO
EXIST2025,220310,YES
EXIST2025,220101,YES
EXIST2025,220921,NO
EXIST2025,220903,NO
EXIST2025,220468,NO
EXIST2025,220690,YES
EXIST2025,220805,NO
EXIST2025,220081,NO
EXIST2025,220786,YES
EXIST2025,220913,YES
EXIST2025,220914,NO
EXIST2025,220754,YES
EXIST2025,220840,NO
EXIST2025,220561,YES
EXIST2025,220119,YES
EXIST2025,220648,NO
EXIST2025,220725,NO
EXIST2025,220013,NO
EXIST2025,220456,NO
EXIST2025,220721,YES
EXIST2025,220714,NO
EXIST2025,220441,YES
EXIST2025,220964,YES
EXIST2025,220958,YES
EXIST2025,220825,YES
EXIST2025,220920,NO
EXIST2025,220770,NO
EXIST2025,220967,NO
EXIST2025,220839,NO
EXIST2025,220764,YES
EXIST2025,220098,NO
EXIST2025,220632,NO
EXIST2025,220460,YES
EXIST2025,220730,NO
EXIST2025,220962,YES
EXIST2025,220655,YES
EXIST2025,220172,NO
EXIST2025,220945,NO
EXIST2025,220346,NO
EXIST2025,220851,NO
EXIST2025,220120,YES
EXIST2025,220214,YES
EXIST2025,220464,YES
EXIST2025,220748,NO
EXIST2025,220108,YES
EXIST2025,220880,NO
EXIST2025,220912,NO
EXIST2025,220884,NO
EXIST2025,220792,YES
EXIST2025,220117,NO
EXIST2025,220885,YES
EXIST2025,220537,NO
EXIST2025,220055,NO
EXIST2025,220629,NO
EXIST2025,220853,YES
EXIST2025,220311,YES
EXIST2025,220517,YES
EXIST2025,220555,YES
EXIST2025,220643,YES
EXIST2025,220644,YES
EXIST2025,220608,NO
EXIST2025,220016,NO
EXIST2025,220414,NO
EXIST2025,220775,NO
EXIST2025,220760,NO
EXIST2025,220683,YES
EXIST2025,220109,NO
EXIST2025,220696,YES
EXIST2025,220225,YES
EXIST2025,220079,NO
EXIST2025,220105,NO
EXIST2025,220684,YES
EXIST2025,220084,NO
EXIST2025,220097,NO
EXIST2025,220793,NO
EXIST2025,220937,YES
EXIST2025,220568,YES
EXIST2025,220981,NO
EXIST2025,220812,YES
EXIST2025,220894,NO
EXIST2025,220869,NO
EXIST2025,220086,NO
EXIST2025,220856,NO
EXIST2025,220868,NO
EXIST2025,220146,NO
EXIST2025,220366,YES
EXIST2025,220276,NO
EXIST2025,220201,NO
EXIST2025,220521,NO
EXIST2025,220545,NO
EXIST2025,220653,NO
EXIST2025,220484,NO
EXIST2025,220814,NO
EXIST2025,220198,YES
EXIST2025,220475,YES
EXIST2025,220783,YES
EXIST2025,220166,NO
EXIST2025,220289,NO
EXIST2025,220708,YES
EXIST2025,220018,NO
EXIST2025,220232,NO
EXIST2025,220173,NO
EXIST2025,220944,NO
EXIST2025,220727,NO
EXIST2025,220064,YES
EXIST2025,220697,NO
EXIST2025,220513,YES
EXIST2025,220420,NO
EXIST2025,220153,YES
EXIST2025,220402,NO
EXIST2025,220624,NO
EXIST2025,220306,YES
EXIST2025,220057,NO
EXIST2025,220184,NO
EXIST2025,220818,NO
EXIST2025,220353,NO
EXIST2025,220345,NO
EXIST2025,220774,NO
EXIST2025,220878,NO
EXIST2025,220886,YES
EXIST2025,220295,NO
EXIST2025,220861,NO
EXIST2025,220026,NO
EXIST2025,220303,NO
EXIST2025,220260,YES
EXIST2025,220327,YES
EXIST2025,220769,YES
EXIST2025,220694,NO
EXIST2025,220253,YES
EXIST2025,220506,NO
EXIST2025,220181,YES
EXIST2025,220959,NO
EXIST2025,220446,YES
EXIST2025,220789,NO
EXIST2025,220523,NO
EXIST2025,220631,NO
EXIST2025,220263,YES
EXIST2025,220373,NO
EXIST2025,220863,NO
EXIST2025,220572,NO
EXIST2025,220005,NO
EXIST2025,220278,NO
EXIST2025,220175,NO
EXIST2025,220191,NO
EXIST2025,220932,NO
EXIST2025,220510,NO
EXIST2025,220235,YES
EXIST2025,220785,YES
EXIST2025,220021,NO
EXIST2025,220698,YES
EXIST2025,220009,NO
EXIST2025,220282,NO
EXIST2025,220140,NO
EXIST2025,220941,YES
EXIST2025,220957,NO
EXIST2025,220170,NO
EXIST2025,220313,NO
EXIST2025,220056,YES
EXIST2025,220909,YES
EXIST2025,220043,YES
EXIST2025,220297,NO
EXIST2025,220029,NO
EXIST2025,220682,YES
EXIST2025,220858,NO
EXIST2025,220640,NO
EXIST2025,220330,YES
EXIST2025,220554,NO
EXIST2025,220564,NO
EXIST2025,220355,NO
EXIST2025,220449,NO
EXIST2025,220867,NO
EXIST2025,220702,NO
EXIST2025,220266,YES
EXIST2025,220071,YES
EXIST2025,220380,NO
EXIST2025,220620,NO
EXIST2025,220053,NO
EXIST2025,220864,NO
EXIST2025,220672,YES
EXIST2025,220010,YES
EXIST2025,220408,NO
EXIST2025,220990,NO
EXIST2025,220685,NO
EXIST2025,220424,NO
EXIST2025,220359,NO
EXIST2025,220141,YES
EXIST2025,220129,YES
EXIST2025,220645,YES
EXIST2025,220970,NO
EXIST2025,220594,NO
EXIST2025,220611,NO
EXIST2025,220689,NO
EXIST2025,220993,NO
EXIST2025,220252,NO
EXIST2025,220033,NO
EXIST2025,220844,NO
EXIST2025,220745,YES
EXIST2025,220766,YES
EXIST2025,220692,NO
EXIST2025,220157,NO
EXIST2025,220515,YES
EXIST2025,220294,NO
EXIST2025,220193,YES
EXIST2025,220501,NO
EXIST2025,220433,NO
EXIST2025,220676,NO
EXIST2025,220530,NO
EXIST2025,220528,NO
EXIST2025,220296,YES
EXIST2025,220711,NO
EXIST2025,220719,NO
EXIST2025,220634,NO
EXIST2025,220200,YES
EXIST2025,220177,NO
EXIST2025,220560,NO
EXIST2025,220650,YES
EXIST2025,220406,NO
EXIST2025,220808,YES
EXIST2025,220220,NO
EXIST2025,220609,NO
EXIST2025,220273,NO
EXIST2025,220242,YES
EXIST2025,220674,NO
EXIST2025,220833,NO
EXIST2025,220954,NO
EXIST2025,220507,YES
EXIST2025,220670,YES
EXIST2025,220256,NO
EXIST2025,220125,NO
EXIST2025,220339,NO
EXIST2025,220440,NO
EXIST2025,220917,YES
EXIST2025,220150,NO
EXIST2025,220928,NO
EXIST2025,220828,YES
EXIST2025,220415,NO
EXIST2025,220363,YES
EXIST2025,220566,NO
EXIST2025,220687,NO
EXIST2025,220286,NO
EXIST2025,220049,NO
EXIST2025,220133,YES
EXIST2025,220525,NO
EXIST2025,220916,NO
EXIST2025,220610,YES
EXIST2025,220036,NO
EXIST2025,220502,YES
EXIST2025,220688,YES
EXIST2025,220961,YES
EXIST2025,220519,NO
EXIST2025,220570,YES
EXIST2025,220234,NO
EXIST2025,220838,NO
EXIST2025,220656,YES
EXIST2025,220124,NO
EXIST2025,220518,NO
EXIST2025,220368,NO
EXIST2025,220668,NO
EXIST2025,220483,NO
EXIST2025,220636,NO
EXIST2025,220747,NO
EXIST2025,220340,YES
EXIST2025,220790,NO
EXIST2025,220794,YES
EXIST2025,220318,NO
EXIST2025,220969,NO
EXIST2025,220160,NO
EXIST2025,220860,NO
EXIST2025,220385,YES
EXIST2025,220862,NO
EXIST2025,220030,YES
EXIST2025,220623,NO
EXIST2025,220891,NO
EXIST2025,220104,NO
EXIST2025,220457,NO
EXIST2025,220392,YES
EXIST2025,220734,YES
EXIST2025,220154,YES
EXIST2025,220462,NO
EXIST2025,220152,NO
EXIST2025,220431,NO
EXIST2025,220111,YES
EXIST2025,220255,NO
EXIST2025,220923,NO
EXIST2025,220092,NO
EXIST2025,220906,NO
EXIST2025,220481,YES
EXIST2025,220378,NO
EXIST2025,220465,NO
EXIST2025,220448,NO
EXIST2025,220060,YES
EXIST2025,220037,YES
EXIST2025,220103,YES
EXIST2025,220843,NO
EXIST2025,220949,NO
EXIST2025,220259,YES
EXIST2025,220149,YES
EXIST2025,220895,NO
EXIST2025,220178,NO
EXIST2025,220208,NO
EXIST2025,220227,YES
EXIST2025,220889,YES
EXIST2025,220830,NO
EXIST2025,220509,YES
EXIST2025,220607,NO
EXIST2025,220686,NO
EXIST2025,220135,YES
EXIST2025,220195,YES
EXIST2025,220703,YES
EXIST2025,220401,NO
EXIST2025,220665,YES
EXIST2025,220925,NO
EXIST2025,220443,NO
EXIST2025,220983,NO
EXIST2025,220955,NO
EXIST2025,220087,YES
EXIST2025,220382,YES
EXIST2025,220122,YES
EXIST2025,220567,NO
EXIST2025,220159,NO
EXIST2025,220012,NO
EXIST2025,220673,NO
EXIST2025,220293,NO
EXIST2025,220575,YES
EXIST2025,220662,NO
EXIST2025,220265,YES
EXIST2025,220593,NO
EXIST2025,220900,NO
EXIST2025,220953,YES
EXIST2025,220298,NO
EXIST2025,220151,NO
EXIST2025,220458,NO
EXIST2025,220292,NO
EXIST2025,220893,NO
EXIST2025,220822,NO
EXIST2025,220997,NO
EXIST2025,220571,YES
EXIST2025,220371,YES
EXIST2025,220179,NO
EXIST2025,220641,YES
EXIST2025,220784,YES
EXIST2025,220090,NO
EXIST2025,220204,YES
EXIST2025,220619,YES
EXIST2025,220398,NO
EXIST2025,220430,YES
EXIST2025,220224,NO
EXIST2025,220680,NO
EXIST2025,220562,YES
EXIST2025,220169,YES
EXIST2025,220301,NO
EXIST2025,220237,YES
EXIST2025,220976,YES
EXIST2025,220312,YES
EXIST2025,220994,NO
EXIST2025,220569,YES
EXIST2025,220213,NO
EXIST2025,220642,NO
EXIST2025,220543,NO
EXIST2025,220251,NO
EXIST2025,220403,NO
EXIST2025,220059,YES
EXIST2025,220246,YES
EXIST2025,220375,NO
EXIST2025,220421,NO
EXIST2025,220995,NO
EXIST2025,220490,NO
EXIST2025,220847,NO
EXIST2025,220927,NO
EXIST2025,220613,NO
EXIST2025,220107,NO
EXIST2025,220429,YES
EXIST2025,220416,NO
EXIST2025,220015,YES
EXIST2025,220667,NO
EXIST2025,220249,NO
EXIST2025,220118,NO
EXIST2025,220882,YES
EXIST2025,220898,YES
EXIST2025,220364,NO
EXIST2025,220370,NO
EXIST2025,220139,NO
EXIST2025,220973,NO
EXIST2025,220604,YES
EXIST2025,220628,NO
EXIST2025,220165,NO
EXIST2025,220854,YES
EXIST2025,220110,YES
EXIST2025,220614,NO
EXIST2025,220328,NO
EXIST2025,220336,YES
EXIST2025,220816,NO
EXIST2025,220305,YES
EXIST2025,220050,NO
EXIST2025,220679,YES
EXIST2025,220399,NO
EXIST2025,220186,YES
EXIST2025,220367,NO
EXIST2025,220768,NO
EXIST2025,220751,YES
EXIST2025,220524,NO
EXIST2025,220892,NO
EXIST2025,220706,NO
EXIST2025,220512,NO
EXIST2025,220391,NO
EXIST2025,220348,NO
EXIST2025,220592,NO
EXIST2025,220621,NO
EXIST2025,220409,YES
EXIST2025,220486,NO
EXIST2025,220829,NO
EXIST2025,220474,NO
EXIST2025,220968,NO
EXIST2025,220162,NO
EXIST2025,220393,NO
EXIST2025,220982,YES
EXIST2025,220781,YES
EXIST2025,220798,NO
EXIST2025,220802,YES
EXIST2025,220974,NO
EXIST2025,220480,YES
EXIST2025,220427,NO
EXIST2025,220386,NO
EXIST2025,220197,NO
EXIST2025,220873,NO
EXIST2025,220717,YES
EXIST2025,220951,YES
EXIST2025,220796,YES
EXIST2025,220331,NO
EXIST2025,220038,NO
EXIST2025,220404,YES
EXIST2025,220485,NO
EXIST2025,220598,YES
EXIST2025,220248,NO
EXIST2025,220027,YES
EXIST2025,220590,YES
EXIST2025,220638,YES
EXIST2025,220596,YES
EXIST2025,220034,NO
EXIST2025,220761,NO
EXIST2025,220963,YES
EXIST2025,220299,YES
EXIST2025,220088,YES
EXIST2025,220445,NO
EXIST2025,220024,YES
EXIST2025,220709,NO
EXIST2025,220495,NO
EXIST2025,220649,NO
EXIST2025,220410,NO
EXIST2025,220083,YES
EXIST2025,220277,NO
EXIST2025,220723,YES
EXIST2025,220984,NO
EXIST2025,220595,NO
EXIST2025,220819,NO
EXIST2025,220952,YES
EXIST2025,220779,NO
EXIST2025,220434,NO
EXIST2025,220587,NO
EXIST2025,220472,NO
EXIST2025,220660,NO
EXIST2025,220746,NO
EXIST2025,220461,NO
