prob_class_0,prob_class_1,predicted_label,true_label,path
0.5600874,0.43991265,0,1,videos/6959585575091604742.mp4
0.48824218,0.51175785,1,1,videos/7015640690453466374.mp4
0.5324232,0.46757677,0,1,videos/7046470848491818286.mp4
0.5673568,0.43264318,0,1,videos/7121382829295963438.mp4
0.5767803,0.42321962,0,0,videos/7114077855985716526.mp4
0.54987955,0.45012045,0,0,videos/7124054058494643461.mp4
0.45333925,0.5466608,1,1,videos/7037115945038515462.mp4
0.5418803,0.4581197,0,1,videos/6974197940147571974.mp4
0.2892241,0.71077585,1,0,videos/6869100546947566854.mp4
0.4812989,0.5187011,1,0,videos/7010083617778978049.mp4
0.5196405,0.4803595,0,1,videos/7012337984259312901.mp4
0.38849628,0.6115037,1,1,videos/7003690818603093254.mp4
0.52211016,0.47788987,0,0,videos/7139239744386452742.mp4
0.5275121,0.47248787,0,1,videos/7087788763094600962.mp4
0.43307525,0.56692475,1,1,videos/6941946004417547526.mp4
0.53621835,0.46378165,0,1,videos/6942246705358310661.mp4
0.29565883,0.70434123,1,1,videos/7126602508864130309.mp4
0.4404017,0.5595983,1,0,videos/6865653391859780870.mp4
0.33331662,0.66668344,1,0,videos/7103626381828852998.mp4
0.45945626,0.5405438,1,0,videos/6963741932384210181.mp4
0.43144313,0.56855685,1,1,videos/7044276361988607278.mp4
0.45106974,0.5489302,1,1,videos/7120453573795794181.mp4
0.46214923,0.5378508,1,1,videos/6831212914658135301.mp4
0.34459254,0.6554074,1,0,videos/6873477513318911234.mp4
0.40444422,0.5955558,1,1,videos/7089211654445092139.mp4
0.31051466,0.6894853,1,1,videos/7038694670834224389.mp4
0.41419503,0.585805,1,0,videos/7112111281145924869.mp4
0.39892069,0.60107934,1,1,videos/6889521071842938114.mp4
0.3996625,0.6003375,1,1,videos/6962382682248482053.mp4
0.40468943,0.59531057,1,0,videos/6954397180337655045.mp4
0.40555447,0.5944455,1,1,videos/7061751391374609710.mp4
0.2971777,0.70282227,1,0,videos/6991866389439008005.mp4
0.32955468,0.6704453,1,1,videos/6914742205697592582.mp4
0.3636956,0.63630444,1,1,videos/6955233721289166086.mp4
0.3546967,0.6453033,1,1,videos/6967818880995560710.mp4
0.36651215,0.6334878,1,0,videos/7026363074940521734.mp4
0.36736652,0.6326335,1,0,videos/6963323211740155141.mp4
0.3513803,0.6486197,1,1,videos/6935046770778967302.mp4
0.31913024,0.68086976,1,1,videos/6961142391147351302.mp4
0.3363906,0.6636094,1,0,videos/6865721710331628805.mp4
0.33139914,0.6686009,1,1,videos/7070343681143754030.mp4
0.35235602,0.647644,1,0,videos/6924117570580794629.mp4
0.34311393,0.6568861,1,0,videos/6911522158288080134.mp4
0.32172745,0.67827255,1,0,videos/6980972263038323969.mp4
0.3523912,0.6476088,1,1,videos/6963168165673192709.mp4
0.3428573,0.6571427,1,1,videos/6918070619619872005.mp4
0.32403627,0.6759637,1,1,videos/6828214342043831558.mp4
0.34085935,0.65914065,1,0,videos/6857220625258351877.mp4
0.35182405,0.64817595,1,0,videos/6961510133570522374.mp4
0.3356298,0.66437024,1,1,videos/6956669207157148934.mp4
0.35054874,0.6494512,1,1,videos/7133160071940394245.mp4
0.32596993,0.67403007,1,1,videos/7057578862066093358.mp4
0.3374018,0.66259813,1,0,videos/6991783325190966533.mp4
0.35656393,0.643436,1,1,videos/6927014177554959621.mp4
0.33332455,0.66667545,1,1,videos/6978836546979958021.mp4
0.3388076,0.66119236,1,1,videos/7000810036326878470.mp4
0.32011282,0.6798871,1,1,videos/6871277369211014405.mp4
0.32870668,0.6712933,1,1,videos/7114172233555135786.mp4
0.3241125,0.67588747,1,0,videos/7120201478320442625.mp4
0.31810257,0.6818974,1,0,videos/6918821818841238786.mp4
0.32711136,0.67288864,1,1,videos/7047716376060103983.mp4
0.3599599,0.64004016,1,1,videos/6864469719181790469.mp4
0.38955346,0.6104465,1,1,videos/7052071915871063302.mp4
0.31685793,0.68314207,1,0,videos/7010548402928864518.mp4
0.31549397,0.684506,1,1,videos/6983042234413288710.mp4
0.32041073,0.6795893,1,0,videos/6898460803238776065.mp4
0.33221284,0.66778713,1,1,videos/7103524881886743854.mp4
0.31600508,0.6839949,1,0,videos/6884830096608283909.mp4
0.32519713,0.67480284,1,0,videos/6972226170666421510.mp4
0.37238175,0.62761825,1,0,videos/6993034138521455878.mp4
0.32675093,0.67324907,1,1,videos/6838632818923277573.mp4
0.31718913,0.68281084,1,0,videos/7135308751090847022.mp4
0.37680084,0.62319916,1,0,videos/6922190046648945925.mp4
0.32969555,0.6703044,1,1,videos/7069754933708361003.mp4
0.35370812,0.64629185,1,0,videos/6966599485824814341.mp4
0.33611864,0.66388136,1,0,videos/6987866527894686981.mp4
0.34579915,0.65420085,1,0,videos/6958892877694995718.mp4
0.34288424,0.65711576,1,0,videos/6979219805903621382.mp4
0.3303906,0.66960937,1,1,videos/6939789003738729729.mp4
0.36137298,0.63862705,1,1,videos/7136981173691010350.mp4
0.3596109,0.6403891,1,0,videos/7098956543315430702.mp4
0.36423516,0.63576484,1,1,videos/6960746868661964038.mp4
0.35645202,0.64354795,1,1,videos/7029878726787599662.mp4
0.4310308,0.56896925,1,0,videos/6956683592042941701.mp4
0.36427397,0.635726,1,1,videos/6957481796338601221.mp4
0.37912947,0.62087053,1,0,videos/7060973630120889605.mp4
0.36867926,0.6313207,1,0,videos/7039482517522763055.mp4
0.34967345,0.65032655,1,1,videos/7096135916544167211.mp4
0.40629745,0.5937026,1,1,videos/6903561363256380674.mp4
0.40606076,0.59393924,1,1,videos/6922483566664371461.mp4
0.3925412,0.60745883,1,0,videos/7047247906906361134.mp4
0.36960346,0.6303966,1,0,videos/6983019572974734598.mp4
0.38539243,0.6146076,1,1,videos/7125549616447147270.mp4
0.45992643,0.5400735,1,1,videos/6906385040255618305.mp4
0.41106278,0.5889372,1,0,videos/6967064079147994373.mp4
0.3732581,0.6267419,1,0,videos/7022428815448149254.mp4
0.42322698,0.57677305,1,1,videos/7043845930432466182.mp4
0.43167225,0.5683277,1,1,videos/6833901238908701957.mp4
0.46387267,0.5361273,1,0,videos/6796806568298990854.mp4
0.40113664,0.5988633,1,0,videos/6942202109030976774.mp4
0.4461732,0.55382675,1,1,videos/7050112384371002671.mp4
0.40819952,0.5918005,1,1,videos/7080753879641492778.mp4
0.38864613,0.6113539,1,0,videos/7090641948653948166.mp4
0.47568035,0.52431965,1,0,videos/7025677898912779526.mp4
0.40065753,0.59934247,1,0,videos/6941869151111662854.mp4
0.46091643,0.53908354,1,1,videos/6817472896009571589.mp4
0.46460336,0.53539664,1,0,videos/7099727755159375109.mp4
0.52325433,0.47674572,0,0,videos/7013588345372544261.mp4
0.4689228,0.5310772,1,1,videos/6868970247781747973.mp4
0.42548156,0.57451844,1,0,videos/6896630856392232198.mp4
0.49467322,0.5053268,1,0,videos/6865472426835217670.mp4
0.4606074,0.5393926,1,0,videos/6961695133238693125.mp4
0.5145468,0.4854532,0,0,videos/6954113509219126533.mp4
0.49690372,0.50309634,1,1,videos/6821391213699124486.mp4
0.46937263,0.5306274,1,1,videos/7014184212785892614.mp4
0.46532482,0.5346752,1,0,videos/7105295175122947333.mp4
0.50533915,0.49466085,0,0,videos/7039553244821081349.mp4
0.5232306,0.47676942,0,1,videos/7115081394304404779.mp4
0.56458,0.43541998,0,0,videos/7006080390800657669.mp4
0.53978914,0.4602109,0,0,videos/6901034804662308097.mp4
0.5623913,0.43760875,0,0,videos/6789725881045683461.mp4
0.55555725,0.44444278,0,0,videos/7000728684323687686.mp4
0.51652557,0.4834744,0,0,videos/7091873201776512298.mp4
0.59763575,0.40236428,0,0,videos/7021524275983125761.mp4
0.48519102,0.51480895,1,0,videos/7030162689108249861.mp4
0.5968087,0.40319136,0,1,videos/7124066168561831211.mp4
0.5337648,0.46623522,0,0,videos/6935226315855432965.mp4
0.59186274,0.40813723,0,0,videos/7139286630795463979.mp4
0.64840156,0.3515985,0,0,videos/6961870067684396294.mp4
0.62715286,0.37284714,0,1,videos/6933674048585010437.mp4
0.5939488,0.40605125,0,0,videos/7116650352660729093.mp4
0.53205866,0.4679413,0,1,videos/7140325874414406918.mp4
0.66260296,0.33739704,0,1,videos/6984935999163960582.mp4
0.57782245,0.42217755,0,0,videos/6978707105461062918.mp4
0.5151733,0.48482668,0,0,videos/7088297406810311941.mp4
0.5608344,0.43916556,0,0,videos/7051892384329633030.mp4
0.6930835,0.3069165,0,0,videos/7116279057406299434.mp4
0.5441549,0.45584515,0,0,videos/6814244764108541190.mp4
0.6431928,0.3568072,0,0,videos/7136048630967897350.mp4
0.6038329,0.3961671,0,0,videos/7124417254095146286.mp4
0.62159765,0.37840232,0,1,videos/7059543723176119598.mp4
0.68959683,0.31040317,0,0,videos/6856155826223123718.mp4
0.57421666,0.4257834,0,1,videos/7015686110282075398.mp4
0.6397138,0.36028618,0,1,videos/6984367789788253446.mp4
0.651017,0.348983,0,1,videos/6862490918713330949.mp4
0.5757515,0.42424852,0,0,videos/6946611881943616773.mp4
0.7178692,0.28213078,0,0,videos/7068740984762404138.mp4
0.61561227,0.38438773,0,0,videos/7011878954156035333.mp4
0.6346002,0.3653998,0,1,videos/7008271131165674757.mp4
0.7332849,0.26671514,0,0,videos/7143064884786236677.mp4
0.5908667,0.40913332,0,1,videos/6920276326360321286.mp4
0.6843059,0.31569403,0,0,videos/6803837437287173382.mp4
0.67906225,0.32093772,0,1,videos/6944340312244358406.mp4
0.7861341,0.2138658,0,1,videos/6944050529907543302.mp4
0.70079905,0.29920098,0,0,videos/7093750778531384622.mp4
0.6780283,0.32197168,0,0,videos/7097021280775441669.mp4
0.620965,0.379035,0,1,videos/6853950973744860421.mp4
0.6213978,0.37860218,0,1,videos/7048519039622221102.mp4
0.70967615,0.29032385,0,1,videos/6863537738029845762.mp4
0.6239502,0.37604988,0,0,videos/6951054181834706182.mp4
0.68937653,0.3106235,0,1,videos/7084308388884057350.mp4
0.60662377,0.39337626,0,0,videos/6938076074215542021.mp4
0.66443557,0.33556443,0,1,videos/6896141785765104898.mp4
0.7560207,0.24397929,0,1,videos/6896249977417370881.mp4
0.76526606,0.23473397,0,1,videos/7059453150226435375.mp4
0.73331904,0.26668102,0,0,videos/7125562649277992238.mp4
0.7431502,0.25684986,0,0,videos/7020081792560450821.mp4
0.61990863,0.38009137,0,1,videos/7067659840079957294.mp4
0.66272587,0.33727416,0,1,videos/6836513130990931205.mp4
0.64375657,0.3562434,0,1,videos/7087325940845399339.mp4
0.7611927,0.23880729,0,1,videos/6920327322679692545.mp4
0.59458935,0.40541062,0,0,videos/7092304364559207706.mp4
0.7822707,0.21772929,0,1,videos/6976751046185979141.mp4
0.75780445,0.24219556,0,1,videos/7017599981477481734.mp4
0.77785605,0.22214401,0,1,videos/6934922064394587398.mp4
0.639619,0.36038098,0,0,videos/7052572943271857454.mp4
0.6227136,0.37728637,0,0,videos/6794883578778946822.mp4
0.71534705,0.28465292,0,0,videos/6968270104152837381.mp4
0.68998027,0.31001973,0,1,videos/7090966667919953153.mp4
0.77064925,0.2293508,0,0,videos/6898097312975932677.mp4
0.6005159,0.3994841,0,1,videos/7014373918865706246.mp4
0.66371036,0.33628964,0,1,videos/7036899121772465413.mp4
0.64808506,0.35191494,0,1,videos/7135086899969936646.mp4
0.75815856,0.24184147,0,0,videos/7085361753281875242.mp4
0.59200394,0.4079961,0,0,videos/7131104517038345518.mp4
0.6167964,0.3832036,0,1,videos/6924799416117267718.mp4
0.59823126,0.4017687,0,1,videos/6869551964682816773.mp4
0.69379175,0.30620825,0,0,videos/7024204483748023557.mp4
0.64448935,0.35551068,0,0,videos/6967676754240507141.mp4
0.73781824,0.26218173,0,0,videos/6968488379789036806.mp4
0.73931706,0.2606829,0,0,videos/7069520666973719851.mp4
0.70157665,0.29842335,0,0,videos/7022662747036978438.mp4
0.702055,0.297945,0,0,videos/6934901657767595270.mp4
0.64638853,0.35361147,0,1,videos/7037697738661825798.mp4
0.69127715,0.30872282,0,1,videos/6963381436359412997.mp4
0.5918064,0.4081936,0,0,videos/7097436875777953025.mp4
0.7309254,0.26907456,0,0,videos/6808596330760604933.mp4
0.69302535,0.30697465,0,0,videos/7067285853734980910.mp4
0.5837723,0.4162277,0,1,videos/7086729400976248106.mp4
0.67409736,0.3259026,0,0,videos/6931726886422793473.mp4
0.6323401,0.3676599,0,0,videos/6989026247544147206.mp4
0.71412885,0.28587115,0,1,videos/6938718844034895110.mp4
0.69718844,0.3028116,0,0,videos/6915598623971593478.mp4
0.55045414,0.4495459,0,1,videos/7139012247875112235.mp4
0.7155768,0.28442317,0,0,videos/7124638651597753605.mp4
0.70411015,0.29588982,0,1,videos/6828690308549643526.mp4
0.67603076,0.32396924,0,1,videos/6941848941067603206.mp4
0.5810633,0.41893676,0,1,videos/6954104977220586757.mp4
0.667523,0.332477,0,0,videos/7049740942215220527.mp4
0.66838294,0.331617,0,1,videos/6891004230665014533.mp4
0.6285204,0.37147963,0,0,videos/6974471148062936325.mp4
0.6051082,0.39489177,0,1,videos/7085003283508776238.mp4
0.688561,0.31143898,0,1,videos/6869102268143127814.mp4
0.6257813,0.37421876,0,0,videos/7056914714017664302.mp4
0.5981875,0.40181246,0,1,videos/7134215563517201707.mp4
0.523372,0.476628,0,0,videos/6904752300603002117.mp4
0.7327452,0.26725483,0,1,videos/6890604308119817473.mp4
0.5366843,0.4633157,0,0,videos/7035573132245175553.mp4
0.67064524,0.3293547,0,1,videos/6972658499599764741.mp4
0.69554144,0.30445862,0,0,videos/6993270591373528325.mp4
0.6755009,0.32449913,0,1,videos/7009777725707783430.mp4
0.49368218,0.50631785,1,1,videos/7076153533996928302.mp4
0.4949934,0.5050066,1,1,videos/6911261711215430914.mp4
0.557979,0.44202098,0,0,videos/6952216063283055877.mp4
0.47285146,0.52714854,1,1,videos/6951826479202225413.mp4
0.59678304,0.40321696,0,0,videos/6966583085177605381.mp4
0.6931264,0.30687362,0,0,videos/6794642570514320645.mp4
0.54516345,0.45483658,0,0,videos/7141890890427043114.mp4
0.6100817,0.3899184,0,1,videos/7084003339809099054.mp4
0.59799176,0.4020082,0,1,videos/7041569616254012677.mp4
0.65667486,0.3433251,0,1,videos/6784981075325160710.mp4
0.60980445,0.39019555,0,1,videos/6768308766598286598.mp4
0.574031,0.42596897,0,0,videos/6923864192139152645.mp4
0.5186918,0.48130825,0,0,videos/6862728291715992834.mp4
0.4872684,0.5127316,1,1,videos/6930267804415347973.mp4
0.57924986,0.42075017,0,1,videos/7095489710986087685.mp4
0.4541233,0.5458767,1,1,videos/6984053616776596742.mp4
0.6974281,0.3025719,0,0,videos/6917830289716743430.mp4
0.5736931,0.42630687,0,1,videos/7140995529512717573.mp4
0.54489183,0.45510817,0,0,videos/7109215731539119366.mp4
0.6186793,0.38132071,0,1,videos/7025324608630852870.mp4
0.6181391,0.3818609,0,0,videos/7011517249823558918.mp4
0.41120553,0.58879447,1,0,videos/7128073972721126702.mp4
0.41146398,0.588536,1,1,videos/7103191817792884014.mp4
0.47368193,0.5263181,1,0,videos/6978573242046958853.mp4
0.59861,0.40138996,0,1,videos/6963686424298261766.mp4
0.57051903,0.42948094,0,1,videos/7116606100115393798.mp4
0.62120533,0.37879467,0,1,videos/6978886564566928646.mp4
0.52841425,0.47158578,0,0,videos/6893622432842730758.mp4
0.597163,0.40283698,0,0,videos/7086902121072839941.mp4
0.60819906,0.39180094,0,0,videos/6989661896664157445.mp4
0.61711305,0.38288698,0,0,videos/6806327288293149958.mp4
0.47832245,0.52167755,1,0,videos/6898524793121869061.mp4
0.39513037,0.60486966,1,1,videos/6868311865185848581.mp4
0.52375674,0.4762433,0,0,videos/7071293597764619562.mp4
0.38616115,0.61383885,1,0,videos/7107013371660160298.mp4
0.3867141,0.6132859,1,0,videos/7113363777051053354.mp4
0.51322764,0.4867724,0,0,videos/7043575831997992238.mp4
0.46098992,0.53901005,1,0,videos/7019204716429151515.mp4
0.42156574,0.5784343,1,0,videos/7054991855343258926.mp4
0.6209822,0.3790178,0,0,videos/6831188025758731526.mp4
0.5302946,0.46970543,0,1,videos/6827644014846676229.mp4
0.62815404,0.37184593,0,0,videos/6872831924063292678.mp4
0.40833926,0.5916607,1,1,videos/7088713277949234437.mp4
0.60392207,0.39607796,0,1,videos/7134691379866864901.mp4
0.42490536,0.57509464,1,0,videos/7043429419641343238.mp4
0.6401466,0.35985342,0,0,videos/7118761621161331974.mp4
0.3865891,0.61341095,1,0,videos/7141485168707046662.mp4
0.40691474,0.5930852,1,1,videos/6948388420251077893.mp4
0.45952722,0.54047275,1,0,videos/7099866647367781674.mp4
0.5004194,0.4995806,0,1,videos/6959010754309655813.mp4
0.4528179,0.5471821,1,0,videos/6881247887762738434.mp4
0.39061642,0.6093835,1,1,videos/7004956639262543109.mp4
0.58703214,0.41296792,0,1,videos/6851707943579028741.mp4
0.5110144,0.48898563,0,1,videos/7090993471183539498.mp4
0.4584427,0.5415573,1,0,videos/7122076201295891713.mp4
0.42532983,0.57467014,1,1,videos/6816354021587078406.mp4
0.62109697,0.37890297,0,0,videos/6739312750398409990.mp4
0.4090357,0.59096426,1,0,videos/7118189594801196334.mp4
0.54830766,0.4516924,0,0,videos/7047491109685169413.mp4
0.5912535,0.40874645,0,0,videos/6940598007675030790.mp4
0.41650793,0.58349204,1,1,videos/6903060849632611585.mp4
0.43836433,0.5616357,1,1,videos/6912007927343762689.mp4
0.567373,0.43262702,0,1,videos/7014565389002607877.mp4
0.5034455,0.4965545,0,0,videos/6911964800297782529.mp4
0.5413703,0.45862976,0,1,videos/7021235848553188614.mp4
0.3488535,0.6511465,1,0,videos/6968116509742730502.mp4
0.5957445,0.4042555,0,0,videos/6962741858590100741.mp4
0.56458676,0.43541324,0,1,videos/6912436201865760006.mp4
0.5524353,0.44756475,0,1,videos/7020605795796520197.mp4
0.41325673,0.58674324,1,1,videos/6947859877536566533.mp4
0.54564184,0.4543582,0,0,videos/6972956379841678593.mp4
0.41248146,0.5875186,1,1,videos/6816131905885408518.mp4
0.5969527,0.4030473,0,0,videos/6948077712376401158.mp4
0.5345167,0.46548325,0,1,videos/6919071890279533826.mp4
0.3579995,0.6420005,1,1,videos/7096674341609278763.mp4
0.48400098,0.515999,1,1,videos/7132986111026105646.mp4
0.45490518,0.5450948,1,0,videos/6850255790058605829.mp4
0.6038095,0.3961905,0,0,videos/7080574494024142122.mp4
0.5048819,0.49511805,0,0,videos/7026869904078949638.mp4
0.5215549,0.4784451,0,1,videos/6967751530132802821.mp4
0.4261162,0.5738838,1,0,videos/6934908622656802053.mp4
0.37504596,0.62495404,1,0,videos/7056362059893591298.mp4
0.46350753,0.53649247,1,0,videos/7055930076533148955.mp4
0.43799597,0.562004,1,1,videos/7135475454768631045.mp4
0.41641006,0.5835899,1,0,videos/7036427843445869830.mp4
0.36076972,0.6392303,1,1,videos/7022340756807650565.mp4
0.49428213,0.50571793,1,0,videos/6965124880673099013.mp4
0.48858804,0.5114119,1,0,videos/6961855312857025797.mp4
0.57082665,0.42917332,0,0,videos/6793033398706277637.mp4
0.51885045,0.48114958,0,0,videos/6972310109175303430.mp4
0.5733912,0.42660874,0,1,videos/7051676128380996869.mp4
0.5724714,0.42752862,0,0,videos/7140986292007013678.mp4
0.5181337,0.4818663,0,1,videos/7076635675797376298.mp4
0.48718882,0.5128112,1,0,videos/7136932662316387627.mp4
0.5058749,0.49412516,0,0,videos/6947429811841256710.mp4
0.39396018,0.6060398,1,1,videos/6978218145047694598.mp4
0.41202173,0.5879783,1,0,videos/7081338562079116586.mp4
0.54364884,0.4563512,0,1,videos/7103288292765912366.mp4
0.50773466,0.4922653,0,0,videos/6925172825091263749.mp4
0.3949122,0.6050878,1,1,videos/6969074020645997830.mp4
0.49412382,0.5058762,1,0,videos/6898413727767383301.mp4
0.49467877,0.5053212,1,1,videos/6879139227779550470.mp4
0.56260633,0.43739364,0,1,videos/6957865976893312262.mp4
0.54383385,0.4561661,0,1,videos/7073501657564253482.mp4
0.468297,0.531703,1,0,videos/6935039587190344965.mp4
0.5868646,0.4131354,0,0,videos/6890894114741570818.mp4
0.46285194,0.53714806,1,0,videos/6947214524235713794.mp4
0.39741352,0.60258645,1,0,videos/7127404905265908997.mp4
0.4079535,0.59204656,1,1,videos/6876237829119249666.mp4
0.51768774,0.48231223,0,0,videos/6881378887452970242.mp4
0.57054913,0.42945087,0,0,videos/6959645495329410310.mp4
0.56959426,0.4304058,0,0,videos/6934322858030075141.mp4
0.49031284,0.5096872,1,1,videos/6866452515425144070.mp4
0.56505656,0.43494347,0,0,videos/7099824919382330629.mp4
0.5468775,0.4531225,0,0,videos/7017889713491152133.mp4
0.6253977,0.3746023,0,0,videos/7105308354762870021.mp4
0.45404592,0.5459541,1,1,videos/7071293106141957382.mp4
0.54407465,0.45592535,0,0,videos/6974826912141069573.mp4
0.39515457,0.60484546,1,0,videos/6865375167904861445.mp4
0.4701265,0.52987355,1,0,videos/7119301365460978971.mp4
0.528945,0.471055,0,1,videos/7125773888654478598.mp4
0.59180266,0.40819734,0,0,videos/6912450015705238786.mp4
0.48179135,0.5182087,1,0,videos/7022509769390836993.mp4
0.58649766,0.41350237,0,1,videos/6986722777449434374.mp4
0.57233423,0.4276658,0,0,videos/6963507602416209153.mp4
0.6250533,0.37494674,0,1,videos/7041591385127963951.mp4
0.3886611,0.6113389,1,0,videos/6948540307113921797.mp4
0.5157919,0.48420817,0,1,videos/7084069820978695470.mp4
0.59352845,0.4064716,0,0,videos/6968284627802885381.mp4
0.50415134,0.49584866,0,0,videos/7121744923082313006.mp4
0.5239998,0.47600016,0,0,videos/6724072000509185286.mp4
0.56752497,0.43247503,0,0,videos/7144366541058903338.mp4
0.5256998,0.47430027,0,1,videos/7089545232370486570.mp4
0.59716916,0.40283084,0,0,videos/7116551346769104170.mp4
0.50254637,0.49745363,0,1,videos/6976313493901397254.mp4
0.5658137,0.43418625,0,0,videos/7038425758628564271.mp4
0.55214596,0.44785407,0,1,videos/6924423271496649989.mp4
0.60058385,0.39941615,0,1,videos/6830894209424166150.mp4
0.43827954,0.5617205,1,0,videos/7036647085478841606.mp4
0.4216582,0.57834184,1,0,videos/6998104148394790145.mp4
0.5491066,0.45089337,0,1,videos/7067929534883990830.mp4
0.46526465,0.5347354,1,0,videos/6967548068199730437.mp4
0.6380305,0.36196947,0,1,videos/6865913390347455750.mp4
0.6340541,0.36594588,0,1,videos/6854992586470509830.mp4
0.5402565,0.4597435,0,0,videos/6913316057935514885.mp4
0.6108649,0.38913506,0,0,videos/7123342389338443009.mp4
0.59393495,0.40606508,0,1,videos/7047855676806139141.mp4
0.5710724,0.42892757,0,1,videos/7036263625375468801.mp4
0.5114657,0.48853427,0,1,videos/6925626617846926597.mp4
0.6260292,0.3739708,0,0,videos/7125063091452153093.mp4
0.5394188,0.46058112,0,1,videos/7052491686819401007.mp4
0.5188319,0.48116806,0,0,videos/7106080211925601542.mp4
0.64682907,0.35317093,0,0,videos/6989324712656555269.mp4
0.5634035,0.43659654,0,0,videos/7042114078965353733.mp4
0.5320923,0.46790773,0,0,videos/6928920963400748294.mp4
0.6136326,0.38636735,0,1,videos/6923294237580610822.mp4
0.63273126,0.36726877,0,0,videos/7017130531305360645.mp4
0.60758144,0.3924186,0,1,videos/7010984675262860550.mp4
0.5448191,0.45518094,0,0,videos/7100704219056917806.mp4
0.5033164,0.4966836,0,0,videos/7136115124112493830.mp4
0.56315815,0.43684188,0,1,videos/7061723251768036654.mp4
0.52977127,0.47022876,0,0,videos/7100897191627099397.mp4
0.6106454,0.38935456,0,0,videos/7111378907231767814.mp4
0.5649238,0.4350762,0,0,videos/6967124957029551366.mp4
0.6002585,0.39974144,0,1,videos/7118380022066334978.mp4
0.6097351,0.3902649,0,0,videos/6881289051626933510.mp4
0.5649904,0.4350096,0,1,videos/6905836357629824262.mp4
0.63657033,0.36342967,0,0,videos/6973480838532959490.mp4
0.5665565,0.4334435,0,0,videos/7102184257518505262.mp4
0.55456406,0.44543594,0,1,videos/6927801009603448070.mp4
0.56220067,0.43779933,0,0,videos/7010140169827306757.mp4
0.5688602,0.43113983,0,1,videos/6925821019433225478.mp4
0.62979895,0.37020108,0,0,videos/6866161073779723525.mp4
0.5797536,0.42024642,0,1,videos/6985641720947985669.mp4
0.56557757,0.43442246,0,0,videos/6889543947102801157.mp4
0.56573135,0.43426868,0,1,videos/6962759769891278082.mp4
0.6393147,0.36068526,0,1,videos/7122525478585437486.mp4
0.5912978,0.4087022,0,0,videos/6830867058629070085.mp4
0.58940303,0.41059694,0,0,videos/7136630573975555333.mp4
0.5822627,0.4177373,0,0,videos/7116934605390974254.mp4
0.6512235,0.34877655,0,1,videos/6766038594621623557.mp4
0.59591,0.40409,0,1,videos/6935227018007137541.mp4
0.6118634,0.3881366,0,1,videos/6982190863724170502.mp4
0.6426984,0.35730162,0,1,videos/7113307992346365190.mp4
0.56941843,0.43058157,0,1,videos/7062667963408731397.mp4
0.57935226,0.4206477,0,0,videos/6862694704379661573.mp4
0.6009512,0.39904884,0,1,videos/6903224967102582022.mp4
0.587295,0.412705,0,0,videos/6892201824372247809.mp4
0.64736444,0.3526356,0,0,videos/7121088079280016646.mp4
0.58887386,0.4111261,0,0,videos/7058005271284845871.mp4
0.6136641,0.3863359,0,0,videos/6937118812529577222.mp4
0.58911324,0.41088682,0,1,videos/6939640400336424198.mp4
0.6064571,0.39354286,0,0,videos/7054255910536973574.mp4
0.5917317,0.4082683,0,0,videos/6945634615730179333.mp4
0.58012706,0.41987294,0,0,videos/7027869709366217989.mp4
0.6552651,0.34473494,0,0,videos/6906642766097321221.mp4
0.6262622,0.3737378,0,0,videos/6956932730659572997.mp4
0.61576307,0.38423693,0,0,videos/7067715837255470383.mp4
0.6002334,0.39976668,0,0,videos/7051328279264906542.mp4
0.60998416,0.3900158,0,1,videos/7033460920848321797.mp4
0.5983471,0.4016528,0,0,videos/7091469048088694062.mp4
0.5972311,0.4027689,0,1,videos/7084692175405190446.mp4
0.5712447,0.42875528,0,1,videos/7031652416638471425.mp4
0.6348135,0.36518648,0,0,videos/7060020436330958081.mp4
0.64773965,0.35226038,0,1,videos/6943217682086956294.mp4
0.60400397,0.395996,0,0,videos/7002683011934276869.mp4
0.57826185,0.42173815,0,0,videos/6939980533044759813.mp4
0.619241,0.380759,0,0,videos/6984518089740176645.mp4
0.6328567,0.36714333,0,1,videos/7063162042810780934.mp4
0.5920429,0.40795708,0,1,videos/6939469935768816902.mp4
0.6029011,0.39709893,0,0,videos/7128553074204953898.mp4
0.6146038,0.3853962,0,0,videos/7133253657574788358.mp4
0.5996738,0.40032613,0,0,videos/6883347739543915781.mp4
0.62499815,0.37500185,0,1,videos/6998201254501420294.mp4
0.59184146,0.4081586,0,0,videos/6968948923050249477.mp4
0.6593222,0.34067777,0,1,videos/6889902488212737281.mp4
0.6190424,0.38095763,0,0,videos/6961504360136232198.mp4
0.6212305,0.3787695,0,0,videos/7102538602046950661.mp4
0.6491298,0.35087016,0,0,videos/7042776568845897007.mp4
0.64402825,0.35597172,0,1,videos/7069679638682864901.mp4
0.6018262,0.3981738,0,0,videos/7125542687880613125.mp4
0.61356574,0.38643423,0,0,videos/7037551578865339653.mp4
0.5934291,0.40657094,0,0,videos/6957731202300202245.mp4
0.63512576,0.36487424,0,0,videos/7085900009283226926.mp4
0.59748936,0.40251064,0,0,videos/7107027328831589637.mp4
0.65133154,0.34866846,0,0,videos/6979627558358781190.mp4
0.6221118,0.37788814,0,0,videos/6817935632141257989.mp4
0.6306903,0.36930978,0,1,videos/7004765049273306370.mp4
0.6478611,0.35213885,0,0,videos/6764242002881121542.mp4
0.64146215,0.35853785,0,1,videos/7120478459419249966.mp4
0.62786573,0.3721342,0,0,videos/6863304863132962050.mp4
0.6749888,0.32501125,0,0,videos/6993507751200656646.mp4
0.6368075,0.3631925,0,1,videos/6983823908126379266.mp4
0.6087878,0.39121222,0,1,videos/6842033977524604165.mp4
0.59300965,0.4069903,0,1,videos/6977897776399027461.mp4
0.6201512,0.37984884,0,0,videos/6895161636441640197.mp4
0.6517358,0.34826422,0,1,videos/6884942741575339266.mp4
0.6531611,0.34683886,0,1,videos/7076251693754699051.mp4
0.6167384,0.3832616,0,0,videos/6964741888352029958.mp4
0.6471105,0.3528895,0,1,videos/6866413553855843586.mp4
0.6308212,0.3691787,0,0,videos/7102345579862314267.mp4
0.61834025,0.38165975,0,0,videos/7085390656780127494.mp4
0.6408364,0.35916358,0,0,videos/7124923800503848238.mp4
0.65845627,0.34154376,0,0,videos/6908368446942137606.mp4
0.65489733,0.34510267,0,1,videos/7005264780512496902.mp4
0.64868724,0.35131276,0,1,videos/7016428012904172806.mp4
0.64929897,0.35070106,0,1,videos/7078721347840527658.mp4
0.6408408,0.35915914,0,1,videos/6900517393177513222.mp4
0.69291526,0.30708474,0,0,videos/6975020314237390086.mp4
0.6235176,0.37648243,0,0,videos/6969369494087060742.mp4
0.6154956,0.3845044,0,0,videos/6873128504850976006.mp4
0.66852504,0.33147496,0,1,videos/6855638771388419334.mp4
0.62663776,0.37336227,0,0,videos/7133427230398647598.mp4
0.6422131,0.35778695,0,0,videos/6814638913001442565.mp4
0.6474764,0.35252362,0,1,videos/6931103601624403205.mp4
0.637881,0.36211908,0,1,videos/7090478857802747178.mp4
0.69528174,0.3047183,0,1,videos/6906961576868236549.mp4
0.61857665,0.3814234,0,0,videos/6896611288697408773.mp4
0.63421124,0.3657888,0,1,videos/6810392499144740101.mp4
0.63648415,0.3635158,0,1,videos/6889619208221527298.mp4
0.6517261,0.34827393,0,1,videos/6802244300307434757.mp4
0.61424136,0.38575867,0,1,videos/7027226895741701382.mp4
0.64452136,0.35547858,0,1,videos/7030782797128224005.mp4
0.6236506,0.37634945,0,0,videos/6974785978963627269.mp4
0.66159356,0.33840647,0,0,videos/7047184533287963950.mp4
0.6273326,0.3726673,0,1,videos/7104038080046320938.mp4
0.66895187,0.33104816,0,0,videos/7135684779080453378.mp4
0.6048228,0.39517716,0,0,videos/7124422632522517803.mp4
0.5926762,0.40732375,0,1,videos/6910189069548932357.mp4
0.60970247,0.39029753,0,1,videos/6879820960682331393.mp4
0.59839106,0.40160894,0,0,videos/6854402335272094981.mp4
0.6535425,0.3464575,0,1,videos/6863510213161405702.mp4
0.63769597,0.36230403,0,0,videos/6988129921063243013.mp4
0.6724486,0.32755142,0,0,videos/7080567275857677611.mp4
0.63639235,0.36360765,0,1,videos/7107695311564459306.mp4
0.6118135,0.38818648,0,1,videos/6920268474912640262.mp4
0.61672777,0.38327226,0,0,videos/6967056627929304326.mp4
0.62850505,0.3714949,0,0,videos/6984839057603841286.mp4
0.6376479,0.36235207,0,0,videos/7136247689565523201.mp4
0.62311846,0.37688157,0,1,videos/7045332013565381894.mp4
0.59605265,0.40394738,0,0,videos/6954112989540650246.mp4
0.5917749,0.40822515,0,1,videos/7046811491068185903.mp4
0.6532568,0.34674323,0,1,videos/7134026951479725358.mp4
0.5903841,0.40961587,0,0,videos/6987191713253117190.mp4
0.5771223,0.42287773,0,0,videos/7001552024198221062.mp4
0.6080659,0.3919341,0,0,videos/6912840520943389954.mp4
0.5915442,0.40845576,0,0,videos/7003371707071253765.mp4
0.6046263,0.39537367,0,1,videos/7023709117659286790.mp4
0.6238278,0.37617213,0,0,videos/6935218591516216582.mp4
0.6421775,0.35782245,0,0,videos/7019078851644886277.mp4
0.5753749,0.42462507,0,0,videos/7138375471149927685.mp4
0.5736306,0.42636946,0,0,videos/6887902472422083841.mp4
0.57104033,0.42895967,0,0,videos/7031498332455406853.mp4
0.582316,0.41768402,0,0,videos/7101566469359652122.mp4
0.64913744,0.3508626,0,0,videos/6950652728586685702.mp4
0.60686475,0.39313522,0,0,videos/6921959901178678534.mp4
0.5967906,0.40320936,0,1,videos/6889598401613139205.mp4
0.60914534,0.39085466,0,1,videos/6957031758151863557.mp4
0.5857216,0.41427836,0,0,videos/6892168391939886342.mp4
0.64171356,0.35828647,0,1,videos/6821436083004263686.mp4
0.56856513,0.43143484,0,1,videos/7082086675517541678.mp4
0.6096197,0.3903803,0,0,videos/6774758485910441222.mp4
0.59040576,0.40959427,0,0,videos/6923610478140869893.mp4
0.5523199,0.44768012,0,1,videos/6974044311251930373.mp4
0.6134541,0.38654596,0,1,videos/6970874454901640453.mp4
0.57309806,0.42690194,0,0,videos/6922123668223003909.mp4
0.5813098,0.4186902,0,1,videos/7133011511856942379.mp4
0.5322492,0.4677508,0,0,videos/7115746083317239066.mp4
0.60545444,0.39454558,0,0,videos/6924104856286268677.mp4
0.5835045,0.41649547,0,0,videos/6817559737442290949.mp4
0.6634659,0.33653414,0,0,videos/6911111891586649350.mp4
0.6036136,0.39638636,0,1,videos/6903507393443810562.mp4
0.54807305,0.45192698,0,0,videos/7056124296086801670.mp4
0.59281105,0.40718895,0,0,videos/6965586164887702790.mp4
0.5632482,0.43675175,0,1,videos/7053399927011003649.mp4
0.58742106,0.41257894,0,0,videos/6959213673000881414.mp4
0.5670352,0.43296477,0,0,videos/6971108724391841030.mp4
0.63535285,0.3646472,0,0,videos/6895550143379115269.mp4
0.57489586,0.42510414,0,0,videos/7017154046821715206.mp4
0.60684,0.39316002,0,0,videos/6829375073393184006.mp4
0.5542191,0.44578087,0,0,videos/6981141872332836101.mp4
0.6026208,0.39737916,0,0,videos/7105586824223083822.mp4
0.5560187,0.44398123,0,1,videos/6969795347333926150.mp4
0.57331055,0.42668945,0,0,videos/7003482611200969989.mp4
0.5775863,0.42241374,0,0,videos/7099968753181543726.mp4
0.66139233,0.33860773,0,0,videos/7132871725234097454.mp4
0.5755985,0.42440152,0,1,videos/7116141130684599598.mp4
0.58216953,0.4178305,0,0,videos/7033460529666575622.mp4
0.54785985,0.4521401,0,1,videos/7074930560870780186.mp4
0.5826801,0.41731986,0,1,videos/7055663645816180014.mp4
0.6007843,0.39921567,0,1,videos/7135125314274856235.mp4
0.5823978,0.41760215,0,1,videos/6941524281457265926.mp4
0.63829297,0.361707,0,1,videos/6974157641085930757.mp4
0.6030927,0.39690727,0,0,videos/6986834232320576770.mp4
0.5952626,0.40473744,0,0,videos/7034622929124019462.mp4
0.5911131,0.40888685,0,1,videos/6908127730466934022.mp4
0.59135216,0.40864787,0,1,videos/7041004253770534150.mp4
0.57942843,0.4205716,0,1,videos/6989299791121403141.mp4
0.54417825,0.45582175,0,1,videos/6970017781664320773.mp4
0.59453887,0.4054611,0,0,videos/6956572254360669446.mp4
0.5415763,0.45842364,0,1,videos/6938861267746573573.mp4
0.60208917,0.39791083,0,1,videos/6921039022861077766.mp4
0.53097385,0.46902615,0,1,videos/6898432132130098434.mp4
0.5860897,0.4139103,0,0,videos/6971951285545258246.mp4
0.5813403,0.41865966,0,0,videos/6848327008758385926.mp4
0.66982806,0.3301719,0,1,videos/6976912386041138438.mp4
0.58257073,0.41742933,0,1,videos/6914384218617335045.mp4
0.5740083,0.4259917,0,1,videos/6836138090013166853.mp4
0.5535764,0.44642356,0,0,videos/6983688173079596293.mp4
0.568224,0.43177602,0,0,videos/6928165025538379013.mp4
0.5448331,0.45516688,0,1,videos/6878040583307267333.mp4
0.5702777,0.42972234,0,1,videos/7039365996053794053.mp4
0.65407306,0.34592694,0,1,videos/7127603784678657285.mp4
0.575597,0.42440295,0,0,videos/7106090602324004142.mp4
0.579106,0.42089403,0,0,videos/7141833238292581634.mp4
0.52831626,0.47168374,0,0,videos/6991938972410744069.mp4
0.5365951,0.46340492,0,0,videos/6989238474301918469.mp4
0.5399053,0.4600947,0,0,videos/6950614444946771205.mp4
0.5780479,0.42195213,0,0,videos/7107653354217655557.mp4
0.5439123,0.45608774,0,0,videos/6983408743987875078.mp4
0.6555911,0.3444089,0,0,videos/6928441842862165254.mp4
0.5282278,0.4717722,0,0,videos/6962316625039133957.mp4
0.58359414,0.41640583,0,1,videos/7069679638682864901.mp4
0.6044372,0.39556283,0,1,videos/7046470848491818286.mp4
0.5200485,0.47995147,0,1,videos/6924423271496649989.mp4
0.55684733,0.4431527,0,0,videos/6912840520943389954.mp4
0.63851964,0.36148036,0,1,videos/7015640690453466374.mp4
0.5475871,0.45241287,0,0,videos/6968284627802885381.mp4
0.5251136,0.47488636,0,0,videos/6789725881045683461.mp4
0.5477932,0.45220682,0,1,videos/7051676128380996869.mp4
0.6450207,0.3549793,0,0,videos/7019078851644886277.mp4
0.5882798,0.41172022,0,0,videos/6724072000509185286.mp4
0.55322236,0.44677764,0,1,videos/6934922064394587398.mp4
0.5953498,0.40465027,0,0,videos/6830867058629070085.mp4
0.548709,0.451291,0,1,videos/6903561363256380674.mp4
0.5443273,0.45567268,0,1,videos/7041591385127963951.mp4
0.5419941,0.45800593,0,1,videos/6906961576868236549.mp4
0.53836185,0.46163818,0,0,videos/6954397180337655045.mp4
0.5969552,0.4030448,0,0,videos/6854402335272094981.mp4
0.55562925,0.4443708,0,0,videos/6975020314237390086.mp4
0.54757404,0.45242593,0,0,videos/6983688173079596293.mp4
0.5988235,0.4011765,0,0,videos/6951054181834706182.mp4
0.5127664,0.48723358,0,0,videos/6968270104152837381.mp4
0.52967256,0.47032744,0,0,videos/6934322858030075141.mp4
0.54454124,0.45545873,0,0,videos/6866161073779723525.mp4
0.5548925,0.44510752,0,1,videos/6935046770778967302.mp4
0.5441773,0.45582277,0,0,videos/6967124957029551366.mp4
0.563708,0.436292,0,0,videos/6948077712376401158.mp4
0.5146569,0.48534307,0,1,videos/6938861267746573573.mp4
0.6104289,0.38957104,0,0,videos/7042776568845897007.mp4
0.6216796,0.3783204,0,1,videos/7078721347840527658.mp4
0.5423184,0.45768157,0,1,videos/6984935999163960582.mp4
0.5434307,0.45656928,0,0,videos/6959645495329410310.mp4
0.578165,0.421835,0,1,videos/6828690308549643526.mp4
0.53781086,0.46218914,0,0,videos/6928165025538379013.mp4
0.5610308,0.43896922,0,1,videos/6921039022861077766.mp4
0.6097812,0.39021873,0,1,videos/7041004253770534150.mp4
0.5879644,0.41203555,0,1,videos/6978886564566928646.mp4
0.5680012,0.4319988,0,0,videos/6984518089740176645.mp4
0.54660267,0.4533974,0,0,videos/7022428815448149254.mp4
0.5522725,0.44772753,0,0,videos/6981141872332836101.mp4
0.5647048,0.43529522,0,0,videos/7099866647367781674.mp4
0.6019655,0.3980345,0,1,videos/6889902488212737281.mp4
0.56885904,0.43114102,0,1,videos/7044276361988607278.mp4
0.54325205,0.45674795,0,0,videos/7085900009283226926.mp4
0.57403916,0.42596084,0,0,videos/6963323211740155141.mp4
0.55448335,0.44551662,0,1,videos/7005264780512496902.mp4
0.54286224,0.45713773,0,1,videos/7039365996053794053.mp4
0.6118799,0.3881201,0,0,videos/7107653354217655557.mp4
0.57389545,0.42610452,0,0,videos/7085390656780127494.mp4
0.5450873,0.45491266,0,0,videos/6983019572974734598.mp4
0.5569262,0.44307378,0,1,videos/6985641720947985669.mp4
0.5947438,0.40525615,0,0,videos/6829375073393184006.mp4
0.57046807,0.42953193,0,0,videos/7141890890427043114.mp4
0.53774184,0.46225813,0,0,videos/6881289051626933510.mp4
0.54634744,0.4536525,0,0,videos/6974826912141069573.mp4
0.5747035,0.42529646,0,0,videos/6896630856392232198.mp4
0.5700304,0.42996967,0,0,videos/6794642570514320645.mp4
0.5660263,0.43397367,0,1,videos/6931103601624403205.mp4
0.585513,0.414487,0,1,videos/7088713277949234437.mp4
0.5960701,0.4039299,0,1,videos/6922483566664371461.mp4
0.5642405,0.43575945,0,1,videos/6983823908126379266.mp4
0.5518919,0.44810814,0,1,videos/7120453573795794181.mp4
0.6132162,0.38678372,0,0,videos/7068740984762404138.mp4
0.5876788,0.41232127,0,1,videos/7063162042810780934.mp4
0.5715616,0.42843843,0,0,videos/6963507602416209153.mp4
0.5730809,0.4269191,0,1,videos/6998201254501420294.mp4
0.56282747,0.43717253,0,0,videos/7024204483748023557.mp4
0.5833107,0.4166893,0,1,videos/7047855676806139141.mp4
0.56818783,0.43181217,0,1,videos/7087325940845399339.mp4
0.6013699,0.39863008,0,1,videos/6853950973744860421.mp4
0.54924464,0.4507554,0,1,videos/6900517393177513222.mp4
0.5994419,0.40055808,0,0,videos/7085361753281875242.mp4
0.5565027,0.44349727,0,0,videos/7122076201295891713.mp4
0.6011361,0.39886388,0,0,videos/7025677898912779526.mp4
0.59947187,0.4005281,0,1,videos/7118380022066334978.mp4
0.5598297,0.4401703,0,1,videos/6903224967102582022.mp4
0.5533246,0.44667536,0,0,videos/6934908622656802053.mp4
0.5449467,0.4550533,0,0,videos/6928920963400748294.mp4
0.5292576,0.47074243,0,0,videos/7128073972721126702.mp4
0.5466706,0.4533294,0,1,videos/6912007927343762689.mp4
0.5579189,0.4420811,0,1,videos/6816354021587078406.mp4
0.5725714,0.42742866,0,0,videos/6911111891586649350.mp4
0.53976405,0.46023598,0,0,videos/6968116509742730502.mp4
0.5575995,0.4424005,0,1,videos/7059453150226435375.mp4
0.5467259,0.45327413,0,0,videos/6971108724391841030.mp4
0.5895892,0.4104108,0,0,videos/6856155826223123718.mp4
0.5648825,0.43511754,0,0,videos/7091873201776512298.mp4
0.6076598,0.3923402,0,0,videos/6918821818841238786.mp4
0.5531187,0.44688126,0,0,videos/6952216063283055877.mp4
0.5894385,0.41056153,0,1,videos/6868970247781747973.mp4
0.5881232,0.41187686,0,1,videos/6972658499599764741.mp4
0.54354376,0.45645624,0,1,videos/7014373918865706246.mp4
0.5365713,0.46342865,0,0,videos/6956683592042941701.mp4
0.55665624,0.44334376,0,0,videos/7139239744386452742.mp4
0.5474205,0.45257953,0,0,videos/7043429419641343238.mp4
0.60791224,0.3920878,0,0,videos/7097021280775441669.mp4
0.52942586,0.4705741,0,0,videos/6869100546947566854.mp4
0.5923547,0.40764523,0,0,videos/7136247689565523201.mp4
0.6297159,0.37028414,0,0,videos/7116279057406299434.mp4
0.56935376,0.4306462,0,1,videos/6959585575091604742.mp4
0.51784915,0.4821509,0,1,videos/7089211654445092139.mp4
0.56476116,0.43523884,0,1,videos/6905836357629824262.mp4
0.5793121,0.42068797,0,0,videos/6904752300603002117.mp4
0.5426135,0.45738652,0,1,videos/6982190863724170502.mp4
0.5711577,0.42884234,0,0,videos/7136630573975555333.mp4
0.5973668,0.40263322,0,1,videos/7076251693754699051.mp4
0.61856985,0.38143015,0,0,videos/7060020436330958081.mp4
0.6297479,0.370252,0,0,videos/6872831924063292678.mp4
0.5625567,0.43744332,0,0,videos/7105295175122947333.mp4
0.51970905,0.48029095,0,1,videos/7061723251768036654.mp4
0.5181588,0.4818412,0,1,videos/7022340756807650565.mp4
0.553078,0.44692203,0,0,videos/6893622432842730758.mp4
0.5460302,0.45396978,0,1,videos/6967751530132802821.mp4
0.5394721,0.46052793,0,0,videos/7131104517038345518.mp4
0.61367863,0.3863213,0,0,videos/6954113509219126533.mp4
0.57025725,0.42974275,0,1,videos/6908127730466934022.mp4
0.5138525,0.4861475,0,1,videos/7076635675797376298.mp4
0.5764875,0.42351255,0,0,videos/6937118812529577222.mp4
0.59463423,0.40536577,0,0,videos/7017889713491152133.mp4
0.54554456,0.45445544,0,1,videos/6930267804415347973.mp4
0.59903574,0.4009643,0,1,videos/7104038080046320938.mp4
0.54172015,0.45827985,0,0,videos/6850255790058605829.mp4
0.58990353,0.4100964,0,0,videos/7011517249823558918.mp4
0.6783169,0.32168308,0,0,videos/7013588345372544261.mp4
0.5532953,0.44670463,0,1,videos/7121382829295963438.mp4
0.58479995,0.41520008,0,0,videos/7026869904078949638.mp4
0.53659797,0.46340206,0,0,videos/6962316625039133957.mp4
0.5836934,0.41630656,0,1,videos/6983042234413288710.mp4
0.5185329,0.48146716,0,0,videos/6993034138521455878.mp4
0.6227572,0.3772428,0,0,videos/7090641948653948166.mp4
0.6108771,0.38912296,0,0,videos/7035573132245175553.mp4
0.6351295,0.36487046,0,0,videos/7099968753181543726.mp4
0.57212424,0.4278758,0,0,videos/7056362059893591298.mp4
0.5724389,0.42756107,0,1,videos/6879820960682331393.mp4
0.49135584,0.5086442,1,1,videos/6927801009603448070.mp4
0.5324265,0.4675735,0,0,videos/6969369494087060742.mp4
0.52906793,0.47093207,0,0,videos/6991866389439008005.mp4
0.64962137,0.35037863,0,1,videos/6918070619619872005.mp4
0.52016956,0.47983047,0,1,videos/7052071915871063302.mp4
0.65194255,0.34805745,0,0,videos/6987866527894686981.mp4
0.61125183,0.38874817,0,1,videos/6955233721289166086.mp4
0.5275412,0.4724588,0,0,videos/6889543947102801157.mp4
0.49298263,0.5070174,1,0,videos/6942202109030976774.mp4
0.5782935,0.42170647,0,0,videos/7124417254095146286.mp4
0.63053477,0.3694652,0,0,videos/7086902121072839941.mp4
0.64022803,0.359772,0,1,videos/6923294237580610822.mp4
0.6666753,0.33332473,0,0,videos/7105308354762870021.mp4
0.56034905,0.43965098,0,0,videos/7071293597764619562.mp4
0.61181927,0.38818073,0,0,videos/6796806568298990854.mp4
0.5994119,0.40058807,0,1,videos/7025324608630852870.mp4
0.4650537,0.5349463,1,0,videos/6883347739543915781.mp4
0.57042843,0.42957157,0,1,videos/7014184212785892614.mp4
0.5359309,0.46406907,0,1,videos/7057578862066093358.mp4
0.6827065,0.31729355,0,1,videos/6903507393443810562.mp4
0.57965714,0.4203429,0,0,videos/7020081792560450821.mp4
0.50000566,0.49999437,0,0,videos/6966599485824814341.mp4
0.6493512,0.3506488,0,0,videos/6993507751200656646.mp4
0.6677274,0.33227256,0,0,videos/6808596330760604933.mp4
0.48528835,0.5147117,1,0,videos/6957731202300202245.mp4
0.47058946,0.5294106,1,1,videos/6970017781664320773.mp4
0.6461363,0.35386375,0,0,videos/7123342389338443009.mp4
0.5380146,0.4619854,0,1,videos/7103191817792884014.mp4
0.7093673,0.2906327,0,0,videos/7118761621161331974.mp4
0.52055234,0.47944763,0,0,videos/7000728684323687686.mp4
0.62998354,0.3700165,0,1,videos/7084069820978695470.mp4
0.540617,0.45938304,0,0,videos/6984839057603841286.mp4
0.6301647,0.36983532,0,1,videos/7000810036326878470.mp4
0.5038841,0.49611592,0,1,videos/6948388420251077893.mp4
0.66925573,0.33074427,0,1,videos/7084692175405190446.mp4
0.5212377,0.47876233,0,1,videos/7067929534883990830.mp4
0.5898655,0.41013452,0,1,videos/7069754933708361003.mp4
0.52812624,0.47187373,0,1,videos/7090478857802747178.mp4
0.5192027,0.48079726,0,0,videos/7092304364559207706.mp4
0.6723973,0.32760268,0,1,videos/6889619208221527298.mp4
0.65522724,0.3447728,0,1,videos/7050112384371002671.mp4
0.62753844,0.3724616,0,1,videos/7010984675262860550.mp4
0.63683736,0.3631626,0,1,videos/7061751391374609710.mp4
0.59492385,0.40507615,0,1,videos/7133011511856942379.mp4
0.6376807,0.36231926,0,0,videos/6865721710331628805.mp4
0.6095277,0.39047226,0,0,videos/7091469048088694062.mp4
0.5960674,0.4039326,0,0,videos/7143064884786236677.mp4
0.67349404,0.326506,0,0,videos/6989324712656555269.mp4
0.5467641,0.45323586,0,0,videos/6998104148394790145.mp4
0.48778647,0.5122135,1,1,videos/7031652416638471425.mp4
0.600248,0.399752,0,1,videos/7041569616254012677.mp4
0.607004,0.39299607,0,1,videos/6961142391147351302.mp4
0.57717997,0.42282006,0,0,videos/7124638651597753605.mp4
0.61992925,0.38007075,0,1,videos/6933674048585010437.mp4
0.61557853,0.38442147,0,1,videos/6838632818923277573.mp4
0.63828117,0.3617188,0,0,videos/6964741888352029958.mp4
0.6376644,0.36233562,0,0,videos/7141833238292581634.mp4
0.52732867,0.47267133,0,1,videos/7015686110282075398.mp4
0.5321608,0.46783918,0,1,videos/7127603784678657285.mp4
0.6568893,0.34311068,0,1,videos/6854992586470509830.mp4
0.65334034,0.3466596,0,0,videos/6898097312975932677.mp4
0.4881897,0.51181024,1,1,videos/6833901238908701957.mp4
0.4923768,0.5076232,1,1,videos/6974197940147571974.mp4
0.5703937,0.42960632,0,0,videos/7093750778531384622.mp4
0.51059276,0.48940724,0,1,videos/7029878726787599662.mp4
0.57629305,0.42370692,0,0,videos/6898524793121869061.mp4
0.5506336,0.4493664,0,0,videos/6974471148062936325.mp4
0.5580128,0.44198728,0,1,videos/6884942741575339266.mp4
0.45159554,0.5484045,1,1,videos/6947859877536566533.mp4
0.55138457,0.4486155,0,1,videos/6927014177554959621.mp4
0.64465195,0.3553481,0,0,videos/7039482517522763055.mp4
0.44576493,0.55423504,1,1,videos/6924799416117267718.mp4
0.53498936,0.46501064,0,1,videos/7021235848553188614.mp4
0.5847909,0.41520914,0,0,videos/6898460803238776065.mp4
0.58386827,0.4161317,0,0,videos/6950652728586685702.mp4
0.5828937,0.4171063,0,1,videos/7033460920848321797.mp4
0.5062239,0.49377608,0,0,videos/7033460529666575622.mp4
0.4790527,0.5209473,1,0,videos/7109215731539119366.mp4
0.53113085,0.46886918,0,0,videos/7056914714017664302.mp4
0.57573915,0.42426082,0,1,videos/7090993471183539498.mp4
0.5269449,0.47305512,0,1,videos/6871277369211014405.mp4
0.4210659,0.5789341,1,1,videos/6868311865185848581.mp4
0.62901515,0.37098482,0,0,videos/6987191713253117190.mp4
0.59540033,0.40459967,0,0,videos/7047247906906361134.mp4
0.5121373,0.4878627,0,1,videos/6939469935768816902.mp4
0.37528756,0.62471247,1,1,videos/7008271131165674757.mp4
0.61633545,0.3836645,0,0,videos/6959213673000881414.mp4
0.6043104,0.39568955,0,0,videos/7144366541058903338.mp4
0.6166428,0.38335723,0,1,videos/6963381436359412997.mp4
0.46876103,0.531239,1,1,videos/6925821019433225478.mp4
0.55891114,0.44108886,0,0,videos/6924117570580794629.mp4
0.6329381,0.36706188,0,1,videos/6944050529907543302.mp4
0.48382595,0.516174,1,1,videos/7074930560870780186.mp4
0.5998612,0.4001388,0,0,videos/6890894114741570818.mp4
0.5007357,0.49926427,0,1,videos/6969795347333926150.mp4
0.63690114,0.36309892,0,1,videos/6963168165673192709.mp4
0.38187948,0.61812055,1,1,videos/7140325874414406918.mp4
0.4721796,0.5278204,1,0,videos/7042114078965353733.mp4
0.4599269,0.5400731,1,0,videos/6980972263038323969.mp4
0.50507045,0.49492955,0,0,videos/6892201824372247809.mp4
0.56599,0.43401003,0,0,videos/7049740942215220527.mp4
0.3504061,0.64959395,1,1,videos/6974157641085930757.mp4
0.5615423,0.43845776,0,0,videos/6989238474301918469.mp4
0.43693092,0.5630691,1,1,videos/6876237829119249666.mp4
0.610239,0.389761,0,0,videos/7006080390800657669.mp4
0.49299538,0.5070046,1,1,videos/7140995529512717573.mp4
0.6059179,0.3940821,0,0,videos/6912450015705238786.mp4
0.55787975,0.44212028,0,0,videos/6945634615730179333.mp4
0.3486711,0.65132886,1,1,videos/6896141785765104898.mp4
0.51461023,0.48538977,0,0,videos/7124422632522517803.mp4
0.3613789,0.6386211,1,1,videos/6939640400336424198.mp4
0.5629512,0.43704876,0,0,videos/7100897191627099397.mp4
0.58388305,0.41611695,0,0,videos/7125542687880613125.mp4
0.49230975,0.5076902,1,1,videos/7062667963408731397.mp4
0.5106456,0.48935437,0,0,videos/7101566469359652122.mp4
0.34998196,0.6500181,1,0,videos/6881247887762738434.mp4
0.62443155,0.37556845,0,0,videos/6901034804662308097.mp4
0.53293324,0.46706674,0,1,videos/6939789003738729729.mp4
0.6012701,0.39872992,0,0,videos/6989661896664157445.mp4
0.43525603,0.56474394,1,0,videos/7003482611200969989.mp4
0.5147715,0.48522845,0,1,videos/7132986111026105646.mp4
0.3396905,0.6603095,1,0,videos/6922190046648945925.mp4
0.35813054,0.6418695,1,1,videos/7133160071940394245.mp4
0.59608513,0.40391487,0,1,videos/6828214342043831558.mp4
0.5559211,0.44407892,0,0,videos/6764242002881121542.mp4
0.5975026,0.40249744,0,0,videos/7047491109685169413.mp4
0.3153501,0.6846499,1,1,videos/7096135916544167211.mp4
0.3340782,0.6659218,1,1,videos/7120478459419249966.mp4
0.5155189,0.48448107,0,1,videos/7004765049273306370.mp4
0.37798402,0.62201595,1,0,videos/7081338562079116586.mp4
0.4207747,0.5792253,1,0,videos/7051892384329633030.mp4
0.29049253,0.7095075,1,1,videos/6821436083004263686.mp4
0.6412774,0.3587226,0,0,videos/7111378907231767814.mp4
0.46982437,0.5301756,1,0,videos/6956932730659572997.mp4
0.56307304,0.43692696,0,1,videos/7009777725707783430.mp4
0.58507115,0.41492885,0,1,videos/7027226895741701382.mp4
0.55040073,0.44959924,0,1,videos/6974044311251930373.mp4
0.2812964,0.7187036,1,1,videos/7096674341609278763.mp4
0.5831317,0.4168683,0,1,videos/6821391213699124486.mp4
0.54916626,0.4508337,0,0,videos/7120201478320442625.mp4
0.38035554,0.61964446,1,1,videos/6816131905885408518.mp4
0.61748946,0.38251048,0,1,videos/6920327322679692545.mp4
0.2633051,0.73669493,1,1,videos/7107695311564459306.mp4
0.4693684,0.53063154,1,0,videos/7055930076533148955.mp4
0.47850555,0.52149445,1,1,videos/7036899121772465413.mp4
0.53403366,0.4659663,0,1,videos/7116606100115393798.mp4
0.6183394,0.3816606,0,1,videos/7122525478585437486.mp4
0.61966115,0.3803389,0,1,videos/7017599981477481734.mp4
0.53375596,0.46624404,0,1,videos/6863537738029845762.mp4
0.27229488,0.72770506,1,0,videos/7141485168707046662.mp4
0.4813406,0.5186594,1,0,videos/6935226315855432965.mp4
0.2675196,0.7324804,1,0,videos/7133427230398647598.mp4
0.57260966,0.42739034,0,1,videos/6869102268143127814.mp4
0.5075126,0.49248734,0,0,videos/6965124880673099013.mp4
0.62985945,0.37014058,0,1,videos/7134026951479725358.mp4
0.33325964,0.6667403,1,1,videos/6862490918713330949.mp4
0.5631812,0.43681878,0,0,videos/6967064079147994373.mp4
0.59407175,0.40592828,0,0,videos/6935218591516216582.mp4
0.5228212,0.4771788,0,0,videos/7114077855985716526.mp4
0.5396472,0.46035272,0,1,videos/6878040583307267333.mp4
0.4036611,0.59633887,1,0,videos/6817559737442290949.mp4
0.2798266,0.7201734,1,0,videos/6928441842862165254.mp4
0.40575173,0.59424824,1,0,videos/6966583085177605381.mp4
0.5667901,0.43320987,0,1,videos/6784981075325160710.mp4
0.5082979,0.49170208,0,0,videos/7119301365460978971.mp4
0.2640651,0.7359349,1,1,videos/6903060849632611585.mp4
0.5154049,0.4845951,0,1,videos/6962382682248482053.mp4
0.24849318,0.75150687,1,1,videos/7037115945038515462.mp4
0.40354607,0.5964539,1,1,videos/6976912386041138438.mp4
0.51190954,0.48809046,0,0,videos/6967676754240507141.mp4
0.6114609,0.3885391,0,0,videos/6884830096608283909.mp4
0.45326528,0.54673475,1,0,videos/7102184257518505262.mp4
0.37766153,0.62233853,1,1,videos/7070343681143754030.mp4
0.26617876,0.7338213,1,1,videos/7076153533996928302.mp4
0.581752,0.41824803,0,0,videos/7067285853734980910.mp4
0.26928157,0.73071843,1,0,videos/6986834232320576770.mp4
0.5745887,0.42541128,0,1,videos/6967818880995560710.mp4
0.54968446,0.45031554,0,1,videos/6919071890279533826.mp4
0.54745895,0.45254108,0,1,videos/7020605795796520197.mp4
0.31226242,0.6877376,1,1,videos/6911261711215430914.mp4
0.57996494,0.42003503,0,0,videos/6906642766097321221.mp4
0.54567313,0.45432687,0,0,videos/7017130531305360645.mp4
0.28498858,0.7150114,1,0,videos/7027869709366217989.mp4
0.569794,0.430206,0,0,videos/6774758485910441222.mp4
0.43738693,0.56261307,1,1,videos/7014565389002607877.mp4
0.27419055,0.72580945,1,0,videos/7127404905265908997.mp4
0.5194032,0.48059675,0,0,videos/6940598007675030790.mp4
0.32156292,0.6784371,1,0,videos/6862728291715992834.mp4
0.49741092,0.50258905,1,1,videos/6957865976893312262.mp4
0.419483,0.58051705,1,1,videos/6768308766598286598.mp4
0.29136676,0.7086333,1,0,videos/7036647085478841606.mp4
0.50696397,0.493036,0,0,videos/6892168391939886342.mp4
0.5793096,0.42069042,0,0,videos/7010548402928864518.mp4
0.29734442,0.70265555,1,0,videos/6938076074215542021.mp4
0.6092082,0.39079177,0,1,videos/6976751046185979141.mp4
0.35371536,0.64628464,1,1,videos/7126602508864130309.mp4
0.42849267,0.57150733,1,0,videos/6814638913001442565.mp4
0.4544107,0.5455893,1,1,videos/7046811491068185903.mp4
0.5714227,0.4285773,0,0,videos/6979627558358781190.mp4
0.49315643,0.50684357,1,1,videos/7082086675517541678.mp4
0.29489097,0.70510906,1,1,videos/6842033977524604165.mp4
0.46493345,0.53506655,1,1,videos/6941524281457265926.mp4
0.42021686,0.5797831,1,0,videos/7112111281145924869.mp4
0.4625118,0.53748816,1,1,videos/7125549616447147270.mp4
0.5100775,0.4899225,0,0,videos/7125562649277992238.mp4
0.56649864,0.4335013,0,0,videos/7125063091452153093.mp4
0.3118796,0.68812037,1,1,videos/7003690818603093254.mp4
0.5701005,0.4298995,0,0,videos/6934901657767595270.mp4
0.39568597,0.604314,1,0,videos/7136932662316387627.mp4
0.3123757,0.6876243,1,1,videos/6864469719181790469.mp4
0.54616827,0.4538317,0,1,videos/6920268474912640262.mp4
0.4095877,0.5904123,1,0,videos/6961855312857025797.mp4
0.43227512,0.5677249,1,1,videos/6836138090013166853.mp4
0.4533896,0.5466104,1,0,videos/6939980533044759813.mp4
0.535042,0.46495795,0,0,videos/7003371707071253765.mp4
0.48946247,0.5105375,1,0,videos/6865653391859780870.mp4
0.4532931,0.54670686,1,1,videos/7036263625375468801.mp4
0.35591972,0.6440802,1,0,videos/7106080211925601542.mp4
0.4197242,0.58027583,1,1,videos/7080753879641492778.mp4
0.40868017,0.59131986,1,0,videos/6950614444946771205.mp4
0.41630942,0.5836906,1,1,videos/7095489710986087685.mp4
0.45761636,0.5423836,1,0,videos/7026363074940521734.mp4
0.468054,0.531946,1,1,videos/7125773888654478598.mp4
0.59581596,0.40418404,0,0,videos/6965586164887702790.mp4
0.3912084,0.6087916,1,1,videos/7023709117659286790.mp4
0.41918454,0.5808155,1,1,videos/6959010754309655813.mp4
0.49919626,0.50080377,1,1,videos/6960746868661964038.mp4
0.30217418,0.6978258,1,1,videos/7115081394304404779.mp4
0.52910954,0.47089052,0,0,videos/7098956543315430702.mp4
0.5160578,0.4839422,0,0,videos/6979219805903621382.mp4
0.538584,0.461416,0,0,videos/7039553244821081349.mp4
0.56729245,0.43270755,0,0,videos/7060973630120889605.mp4
0.47367978,0.5263202,1,1,videos/6836513130990931205.mp4
0.46584243,0.5341576,1,1,videos/6817472896009571589.mp4
0.40413377,0.59586626,1,0,videos/6863304863132962050.mp4
0.35093617,0.64906377,1,1,videos/7086729400976248106.mp4
0.3807421,0.61925787,1,0,videos/7052572943271857454.mp4
0.5861012,0.41389886,0,0,videos/7136048630967897350.mp4
0.41858754,0.5814125,1,1,videos/7016428012904172806.mp4
0.4337327,0.5662673,1,0,videos/7115746083317239066.mp4
0.4611743,0.53882563,1,1,videos/7103524881886743854.mp4
0.55316764,0.44683233,0,0,videos/7037551578865339653.mp4
0.58618003,0.41381997,0,0,videos/7133253657574788358.mp4
0.43499982,0.5650002,1,0,videos/6887902472422083841.mp4
0.53422797,0.465772,0,1,videos/6896249977417370881.mp4
0.54550016,0.45449978,0,1,videos/7114172233555135786.mp4
0.4035019,0.59649813,1,1,videos/6954104977220586757.mp4
0.59474206,0.405258,0,1,videos/6912436201865760006.mp4
0.34353557,0.6564644,1,0,videos/7036427843445869830.mp4
0.56011176,0.4398882,0,1,videos/6963686424298261766.mp4
0.43717802,0.56282204,1,0,videos/6911964800297782529.mp4
0.35604885,0.6439512,1,1,videos/7135086899969936646.mp4
0.4458956,0.55410445,1,0,videos/7043575831997992238.mp4
0.5057137,0.4942863,0,0,videos/7047184533287963950.mp4
0.54031,0.45969,0,0,videos/6793033398706277637.mp4
0.47542018,0.5245799,1,1,videos/7037697738661825798.mp4
0.3805046,0.6194954,1,0,videos/6961510133570522374.mp4
0.6283636,0.37163642,0,0,videos/6971951285545258246.mp4
0.52389556,0.47610444,0,0,videos/6983408743987875078.mp4
0.52774614,0.47225386,0,0,videos/6911522158288080134.mp4
0.57366824,0.42633176,0,1,videos/6889598401613139205.mp4
0.42456296,0.575437,1,0,videos/6972226170666421510.mp4
0.5019126,0.49808738,0,1,videos/6898432132130098434.mp4
0.43683824,0.5631618,1,1,videos/7048519039622221102.mp4
0.48132166,0.51867837,1,0,videos/7121744923082313006.mp4
0.60876423,0.3912358,0,1,videos/6851707943579028741.mp4
0.38233528,0.6176647,1,1,videos/7067659840079957294.mp4
0.56646353,0.43353644,0,0,videos/7102538602046950661.mp4
0.43844584,0.56155413,1,1,videos/7004956639262543109.mp4
0.5358322,0.4641678,0,0,videos/6923864192139152645.mp4
0.5553444,0.44465563,0,1,videos/6942246705358310661.mp4
0.4863835,0.5136165,1,0,videos/6803837437287173382.mp4
0.45845413,0.54154587,1,1,videos/6970874454901640453.mp4
0.45281652,0.5471835,1,0,videos/7019204716429151515.mp4
0.5993036,0.40069646,0,1,videos/7113307992346365190.mp4
0.5272893,0.47271073,0,1,videos/6855638771388419334.mp4
0.4962576,0.5037424,1,1,videos/7043845930432466182.mp4
0.52965486,0.47034514,0,0,videos/6895161636441640197.mp4
0.4395663,0.5604337,1,1,videos/6976313493901397254.mp4
0.43445694,0.56554306,1,0,videos/6925172825091263749.mp4
0.56864804,0.43135193,0,0,videos/6991938972410744069.mp4
0.49263462,0.5073654,1,1,videos/6944340312244358406.mp4
0.5189747,0.48102522,0,0,videos/6923610478140869893.mp4
0.509982,0.49001804,0,0,videos/7031498332455406853.mp4
0.49288055,0.5071194,1,0,videos/6948540307113921797.mp4
0.4389526,0.56104743,1,0,videos/7010140169827306757.mp4
0.541742,0.4582579,0,0,videos/6913316057935514885.mp4
0.6007933,0.39920673,0,0,videos/6921959901178678534.mp4
0.5188715,0.48112854,0,0,videos/6898413727767383301.mp4
0.5058929,0.49410716,0,0,videos/7051328279264906542.mp4
0.60548145,0.39451855,0,0,videos/6973480838532959490.mp4
0.49701986,0.5029801,1,0,videos/7136115124112493830.mp4
0.5179029,0.48209706,0,0,videos/7128553074204953898.mp4
0.6462264,0.35377365,0,0,videos/6865472426835217670.mp4
0.55996054,0.4400394,0,1,videos/6914742205697592582.mp4
0.61123323,0.38876674,0,0,videos/6961695133238693125.mp4
0.4493151,0.55068487,1,1,videos/6978218145047694598.mp4
0.5333528,0.46664718,0,0,videos/6848327008758385926.mp4
0.54679406,0.45320594,0,0,videos/6908368446942137606.mp4
0.5960761,0.40392393,0,1,videos/6938718844034895110.mp4
0.5594027,0.44059727,0,0,videos/6946611881943616773.mp4
0.6598841,0.34011588,0,0,videos/6806327288293149958.mp4
0.47023106,0.529769,1,0,videos/6954112989540650246.mp4
0.5652857,0.4347143,0,0,videos/6941869151111662854.mp4
0.50376624,0.4962337,0,0,videos/6817935632141257989.mp4
0.5976022,0.40239778,0,1,videos/6957481796338601221.mp4
0.41561377,0.5843862,1,0,videos/6978707105461062918.mp4
0.6244336,0.3755664,0,1,videos/6891004230665014533.mp4
0.6329934,0.36700666,0,0,videos/7099727755159375109.mp4
0.6135834,0.38641655,0,0,videos/6794883578778946822.mp4
0.521842,0.47815797,0,0,videos/7132871725234097454.mp4
0.518554,0.481446,0,0,videos/6862694704379661573.mp4
0.6039688,0.3960312,0,0,videos/7100704219056917806.mp4
0.57994705,0.420053,0,0,videos/6989026247544147206.mp4
0.5127227,0.48727736,0,1,videos/6925626617846926597.mp4
0.61793315,0.38206682,0,0,videos/7067715837255470383.mp4
0.6093523,0.3906477,0,0,videos/7038425758628564271.mp4
0.6375741,0.36242592,0,1,videos/6986722777449434374.mp4
0.6005844,0.3994156,0,0,videos/7002683011934276869.mp4
0.5860748,0.41392517,0,1,videos/6956669207157148934.mp4
0.5048442,0.49515578,0,1,videos/6866452515425144070.mp4
0.5941112,0.4058888,0,0,videos/7054255910536973574.mp4
0.5808663,0.41913378,0,0,videos/6972956379841678593.mp4
0.6703512,0.3296488,0,0,videos/7116551346769104170.mp4
0.67132175,0.32867825,0,0,videos/7034622929124019462.mp4
0.67799383,0.3220062,0,0,videos/7105586824223083822.mp4
0.5567811,0.44321886,0,1,videos/7139012247875112235.mp4
0.6281966,0.3718034,0,0,videos/6988129921063243013.mp4
0.65822893,0.341771,0,0,videos/6968488379789036806.mp4
0.6234962,0.37650383,0,1,videos/6906385040255618305.mp4
0.49176311,0.50823694,1,1,videos/6951826479202225413.mp4
0.622383,0.377617,0,1,videos/6866413553855843586.mp4
0.64940774,0.3505923,0,1,videos/7134691379866864901.mp4
0.6108065,0.3891935,0,1,videos/6810392499144740101.mp4
0.5113341,0.48866585,0,1,videos/6989299791121403141.mp4
0.6426689,0.35733107,0,1,videos/7089545232370486570.mp4
0.70043576,0.29956418,0,0,videos/7099824919382330629.mp4
0.63958675,0.36041325,0,1,videos/6941946004417547526.mp4
0.6367437,0.36325634,0,0,videos/6935039587190344965.mp4
0.72723055,0.27276945,0,0,videos/6956572254360669446.mp4
0.6521358,0.34786415,0,1,videos/6802244300307434757.mp4
0.6358534,0.36414662,0,1,videos/6984367789788253446.mp4
0.707267,0.29273304,0,0,videos/6924104856286268677.mp4
0.6828163,0.3171837,0,0,videos/7080574494024142122.mp4
0.58149886,0.41850114,0,0,videos/6991783325190966533.mp4
0.5587456,0.44125435,0,0,videos/6873128504850976006.mp4
0.5702231,0.4297769,0,1,videos/6962759769891278082.mp4
0.644001,0.35599896,0,1,videos/6935227018007137541.mp4
0.5247817,0.47521827,0,1,videos/6910189069548932357.mp4
0.57049185,0.42950812,0,0,videos/6967548068199730437.mp4
0.682883,0.317117,0,1,videos/7052491686819401007.mp4
0.6993924,0.30060762,0,1,videos/7116141130684599598.mp4
0.694071,0.305929,0,0,videos/6993270591373528325.mp4
0.65034795,0.34965202,0,0,videos/6865375167904861445.mp4
0.71271086,0.28728914,0,1,videos/7030782797128224005.mp4
0.6510324,0.3489676,0,0,videos/7139286630795463979.mp4
0.6540224,0.34597763,0,1,videos/7090966667919953153.mp4
0.62519896,0.37480107,0,1,videos/6863510213161405702.mp4
0.61185294,0.38814706,0,0,videos/7118189594801196334.mp4
0.65122646,0.3487735,0,0,videos/7124923800503848238.mp4
0.63886225,0.3611377,0,0,videos/7116934605390974254.mp4
0.66618234,0.3338177,0,1,videos/7084003339809099054.mp4
0.6646121,0.33538792,0,0,videos/7069520666973719851.mp4
0.5436842,0.45631582,0,0,videos/6895550143379115269.mp4
0.69289875,0.30710125,0,0,videos/7097436875777953025.mp4
0.6898152,0.31018475,0,1,videos/6865913390347455750.mp4
0.5970308,0.40296912,0,0,videos/6873477513318911234.mp4
0.68976414,0.3102359,0,0,videos/7121088079280016646.mp4
0.63266635,0.3673336,0,1,videos/6869551964682816773.mp4
0.6947349,0.3052652,0,1,videos/6766038594621623557.mp4
0.6890106,0.3109894,0,0,videos/7138375471149927685.mp4
0.69333774,0.3066623,0,0,videos/7102345579862314267.mp4
0.65140265,0.3485974,0,0,videos/6922123668223003909.mp4
0.6138453,0.38615468,0,0,videos/7054991855343258926.mp4
0.6831971,0.31680292,0,0,videos/6831188025758731526.mp4
0.65881723,0.34118277,0,0,videos/7021524275983125761.mp4
0.59232193,0.40767804,0,1,videos/7136981173691010350.mp4
0.65109783,0.3489022,0,0,videos/6961870067684396294.mp4
0.65954304,0.3404569,0,1,videos/7055663645816180014.mp4
0.6018683,0.3981317,0,0,videos/6896611288697408773.mp4
0.6024781,0.3975219,0,1,videos/7071293106141957382.mp4
0.6501067,0.3498933,0,1,videos/7084308388884057350.mp4
0.6635039,0.3364961,0,0,videos/7017154046821715206.mp4
0.63949686,0.3605031,0,0,videos/7056124296086801670.mp4
0.5526738,0.44732618,0,1,videos/6920276326360321286.mp4
0.71808904,0.28191093,0,0,videos/6917830289716743430.mp4
0.6948438,0.30515614,0,0,videos/7080567275857677611.mp4
0.6256037,0.37439638,0,1,videos/6977897776399027461.mp4
0.61597836,0.38402167,0,1,videos/6889521071842938114.mp4
0.5913468,0.4086532,0,0,videos/7058005271284845871.mp4
0.6228618,0.3771382,0,1,videos/7053399927011003649.mp4
0.66214186,0.33785808,0,0,videos/7030162689108249861.mp4
0.65952015,0.34047988,0,0,videos/6972310109175303430.mp4
0.699522,0.30047798,0,1,videos/7124066168561831211.mp4
0.69869417,0.30130583,0,1,videos/6890604308119817473.mp4
0.7131359,0.28686416,0,1,videos/6831212914658135301.mp4
0.70484495,0.295155,0,0,videos/6947214524235713794.mp4
0.6170391,0.38296092,0,1,videos/7085003283508776238.mp4
0.62249357,0.37750643,0,0,videos/7113363777051053354.mp4
0.5882987,0.41170132,0,1,videos/6969074020645997830.mp4
0.6655798,0.33442023,0,0,videos/6967056627929304326.mp4
0.59740263,0.40259734,0,1,videos/6827644014846676229.mp4
0.6221844,0.3778156,0,0,videos/7022509769390836993.mp4
0.64505047,0.35494956,0,0,videos/7135308751090847022.mp4
0.5796259,0.42037413,0,0,videos/6962741858590100741.mp4
0.622649,0.37735093,0,1,videos/6957031758151863557.mp4
0.66322714,0.3367729,0,0,videos/7116650352660729093.mp4
0.6517492,0.34825075,0,1,videos/6941848941067603206.mp4
0.64822304,0.351777,0,1,videos/6943217682086956294.mp4
0.6794505,0.32054952,0,1,videos/7135125314274856235.mp4
0.6711293,0.3288707,0,1,videos/7087788763094600962.mp4
0.6523371,0.34766293,0,0,videos/6947429811841256710.mp4
0.5721025,0.42789748,0,1,videos/7038694670834224389.mp4
0.59970015,0.40029982,0,0,videos/6915598623971593478.mp4
0.6197567,0.38024333,0,0,videos/6974785978963627269.mp4
0.67970085,0.32029918,0,1,videos/7047716376060103983.mp4
0.62413466,0.3758654,0,1,videos/6914384218617335045.mp4
0.6731611,0.3268389,0,0,videos/7088297406810311941.mp4
0.58561194,0.41438803,0,0,videos/7107027328831589637.mp4
0.6069496,0.39305043,0,0,videos/6961504360136232198.mp4
0.58421093,0.41578907,0,1,videos/7059543723176119598.mp4
0.5777947,0.42220536,0,1,videos/7134215563517201707.mp4
0.62340075,0.37659922,0,1,videos/7073501657564253482.mp4
0.5878604,0.41213962,0,1,videos/6978836546979958021.mp4
0.6726051,0.32739484,0,0,videos/7022662747036978438.mp4
0.5949336,0.40506634,0,1,videos/6830894209424166150.mp4
0.6652543,0.3347457,0,0,videos/7135684779080453378.mp4
0.6479114,0.35208854,0,0,videos/7011878954156035333.mp4
0.5674798,0.4325202,0,0,videos/7124054058494643461.mp4
0.6425401,0.35745987,0,0,videos/6739312750398409990.mp4
0.5991062,0.40089384,0,0,videos/6958892877694995718.mp4
0.573112,0.42688805,0,1,videos/7012337984259312901.mp4
0.6287599,0.3712401,0,1,videos/7103288292765912366.mp4
0.6068719,0.39312816,0,0,videos/7106090602324004142.mp4
0.58841056,0.41158944,0,0,videos/6931726886422793473.mp4
0.561042,0.43895796,0,1,videos/6984053616776596742.mp4
0.57566,0.42434004,0,0,videos/7140986292007013678.mp4
0.5998214,0.4001786,0,0,videos/6857220625258351877.mp4
0.5507681,0.44923186,0,0,videos/6968948923050249477.mp4
0.61116123,0.38883877,0,0,videos/6978573242046958853.mp4
0.63297826,0.3670217,0,0,videos/7107013371660160298.mp4
0.5809034,0.41909662,0,0,videos/7001552024198221062.mp4
0.58657014,0.4134299,0,0,videos/6814244764108541190.mp4
0.54683524,0.45316473,0,0,videos/6881378887452970242.mp4
0.53145576,0.46854421,0,1,videos/6879139227779550470.mp4
0.6226476,0.37735248,0,0,videos/6963741932384210181.mp4
0.52329546,0.47670454,0,0,videos/7010083617778978049.mp4
0.648895,0.35110497,0,1,videos/7135475454768631045.mp4
0.57769203,0.42230803,0,1,videos/7045332013565381894.mp4
0.65292144,0.3470786,0,0,videos/7103626381828852998.mp4
0.6178735,0.3821265,0,1,videos/6963168165673192709.mp4
0.63046116,0.36953884,0,1,videos/6871277369211014405.mp4
0.50695896,0.4930411,0,1,videos/6983042234413288710.mp4
0.633016,0.36698398,0,0,videos/6925172825091263749.mp4
0.60365176,0.39634824,0,1,videos/6978886564566928646.mp4
0.5701283,0.42987165,0,1,videos/7059543723176119598.mp4
0.5346589,0.46534106,0,0,videos/6961504360136232198.mp4
0.5700997,0.42990032,0,0,videos/6831188025758731526.mp4
0.5634507,0.43654934,0,0,videos/6931726886422793473.mp4
0.5435022,0.4564978,0,1,videos/6967818880995560710.mp4
0.60295045,0.39704955,0,0,videos/6854402335272094981.mp4
0.4982718,0.50172824,1,1,videos/6942246705358310661.mp4
0.59485674,0.4051432,0,1,videos/6918070619619872005.mp4
0.58130276,0.41869724,0,0,videos/6884830096608283909.mp4
0.57652575,0.4234742,0,1,videos/6906385040255618305.mp4
0.514571,0.48542896,0,0,videos/7144366541058903338.mp4
0.5990674,0.40093258,0,1,videos/6948388420251077893.mp4
0.52031153,0.47968844,0,0,videos/7106080211925601542.mp4
0.5890571,0.41094288,0,0,videos/6881247887762738434.mp4
0.5327443,0.4672557,0,0,videos/7100897191627099397.mp4
0.66302603,0.336974,0,0,videos/7047184533287963950.mp4
0.5153534,0.4846466,0,0,videos/6967124957029551366.mp4
0.4873374,0.5126626,1,1,videos/6868311865185848581.mp4
0.5517609,0.4482391,0,1,videos/7029878726787599662.mp4
0.48468494,0.51531506,1,1,videos/7090993471183539498.mp4
0.6415875,0.35841247,0,1,videos/6976912386041138438.mp4
0.62203753,0.3779625,0,0,videos/6956932730659572997.mp4
0.5178704,0.4821296,0,1,videos/7082086675517541678.mp4
0.506981,0.493019,0,1,videos/6863537738029845762.mp4
0.6079225,0.39207754,0,0,videos/6961510133570522374.mp4
0.6524491,0.34755093,0,0,videos/6950652728586685702.mp4
0.5913967,0.40860334,0,0,videos/6989324712656555269.mp4
0.59692603,0.40307397,0,0,videos/7017889713491152133.mp4
0.5320891,0.4679109,0,1,videos/7104038080046320938.mp4
0.536476,0.463524,0,1,videos/7125773888654478598.mp4
0.6011525,0.39884752,0,0,videos/6898097312975932677.mp4
0.55036825,0.44963172,0,0,videos/7056914714017664302.mp4
0.5348696,0.46513042,0,0,videos/7060973630120889605.mp4
0.5016236,0.49837643,0,0,videos/6968948923050249477.mp4
0.5706162,0.42938384,0,0,videos/6972226170666421510.mp4
0.5468144,0.45318565,0,1,videos/6911261711215430914.mp4
0.5392791,0.4607209,0,1,videos/6939789003738729729.mp4
0.57462704,0.425373,0,0,videos/7056362059893591298.mp4
0.53723204,0.4627679,0,0,videos/6817559737442290949.mp4
0.5569592,0.44304076,0,0,videos/7093750778531384622.mp4
0.5765902,0.4234098,0,1,videos/6976313493901397254.mp4
0.505068,0.49493203,0,1,videos/7139012247875112235.mp4
0.5590959,0.44090408,0,0,videos/7019204716429151515.mp4
0.5466113,0.45338863,0,0,videos/6865472426835217670.mp4
0.5866298,0.4133702,0,0,videos/6915598623971593478.mp4
0.5988652,0.4011348,0,1,videos/7041004253770534150.mp4
0.63713944,0.36286056,0,1,videos/6941848941067603206.mp4
0.546156,0.453844,0,0,videos/7092304364559207706.mp4
0.5267216,0.4732784,0,1,videos/7047716376060103983.mp4
0.5688091,0.4311909,0,1,videos/7116141130684599598.mp4
0.5834667,0.41653335,0,0,videos/7118761621161331974.mp4
0.54416656,0.45583344,0,0,videos/7140986292007013678.mp4
0.6047748,0.39522526,0,0,videos/7034622929124019462.mp4
0.5319303,0.46806973,0,0,videos/7114077855985716526.mp4
0.47113347,0.5288665,1,0,videos/7139239744386452742.mp4
0.59722906,0.40277097,0,0,videos/7141890890427043114.mp4
0.49756572,0.5024343,1,1,videos/6989299791121403141.mp4
0.52452445,0.47547555,0,0,videos/6898413727767383301.mp4
0.5555267,0.4444734,0,0,videos/7000728684323687686.mp4
0.5016963,0.49830368,0,1,videos/6821391213699124486.mp4
0.5629868,0.43701324,0,0,videos/6938076074215542021.mp4
0.5708421,0.42915785,0,0,videos/6993270591373528325.mp4
0.5012162,0.49878383,0,1,videos/7085003283508776238.mp4
0.58262193,0.4173781,0,0,videos/6983688173079596293.mp4
0.5176747,0.48232526,0,1,videos/7015640690453466374.mp4
0.5434288,0.45657125,0,1,videos/7114172233555135786.mp4
0.6077109,0.39228904,0,1,videos/7048519039622221102.mp4
0.5639145,0.43608552,0,1,videos/7010984675262860550.mp4
0.5604409,0.43955907,0,0,videos/7113363777051053354.mp4
0.568786,0.43121395,0,0,videos/6865375167904861445.mp4
0.45838076,0.5416192,1,1,videos/6903060849632611585.mp4
0.65907246,0.3409275,0,0,videos/6906642766097321221.mp4
0.55734754,0.44265246,0,0,videos/6887902472422083841.mp4
0.59455514,0.40544483,0,1,videos/7122525478585437486.mp4
0.49720716,0.5027928,1,0,videos/6961855312857025797.mp4
0.58845276,0.4115472,0,1,videos/6961142391147351302.mp4
0.5309179,0.4690821,0,1,videos/6908127730466934022.mp4
0.64854234,0.35145766,0,1,videos/7080753879641492778.mp4
0.41987053,0.5801295,1,1,videos/7052071915871063302.mp4
0.5393149,0.46068507,0,0,videos/6937118812529577222.mp4
0.5112358,0.4887642,0,0,videos/7020081792560450821.mp4
0.56471425,0.43528572,0,1,videos/6830894209424166150.mp4
0.6242823,0.3757177,0,1,videos/6851707943579028741.mp4
0.6289936,0.37100643,0,1,videos/7134026951479725358.mp4
0.6011605,0.3988395,0,1,videos/7041591385127963951.mp4
0.5544716,0.44552833,0,1,videos/6810392499144740101.mp4
0.473452,0.526548,1,1,videos/6931103601624403205.mp4
0.6346997,0.36530024,0,0,videos/7035573132245175553.mp4
0.40815943,0.5918405,1,1,videos/6954104977220586757.mp4
0.59482425,0.40517578,0,0,videos/6872831924063292678.mp4
0.5497025,0.45029745,0,0,videos/6964741888352029958.mp4
0.49394777,0.5060522,1,0,videos/6957731202300202245.mp4
0.56972665,0.4302734,0,1,videos/6941946004417547526.mp4
0.6615579,0.3384421,0,1,videos/6943217682086956294.mp4
0.6322771,0.36772293,0,0,videos/7051892384329633030.mp4
0.6060449,0.39395508,0,0,videos/6908368446942137606.mp4
0.5134602,0.48653975,0,0,videos/6814638913001442565.mp4
0.58262783,0.4173722,0,0,videos/7105586824223083822.mp4
0.50848264,0.4915174,0,1,videos/6984053616776596742.mp4
0.59820795,0.40179202,0,0,videos/7099968753181543726.mp4
0.632925,0.36707503,0,1,videos/7069679638682864901.mp4
0.5046065,0.4953935,0,1,videos/7071293106141957382.mp4
0.5347164,0.4652836,0,1,videos/6938861267746573573.mp4
0.63401157,0.3659884,0,0,videos/6975020314237390086.mp4
0.35727724,0.6427228,1,1,videos/6969074020645997830.mp4
0.49887648,0.5011235,1,1,videos/7014565389002607877.mp4
0.4735404,0.52645963,1,0,videos/6892201824372247809.mp4
0.53801215,0.46198788,0,1,videos/7103524881886743854.mp4
0.5832026,0.41679737,0,1,videos/7133011511856942379.mp4
0.5421614,0.4578386,0,1,videos/6903561363256380674.mp4
0.56573457,0.4342654,0,1,videos/7067929534883990830.mp4
0.52479434,0.47520566,0,0,videos/6883347739543915781.mp4
0.6344473,0.36555272,0,0,videos/6966583085177605381.mp4
0.5169025,0.48309746,0,1,videos/6889521071842938114.mp4
0.60400534,0.39599466,0,0,videos/7131104517038345518.mp4
0.49987388,0.5001261,1,1,videos/6896249977417370881.mp4
0.4938591,0.5061409,1,0,videos/7121744923082313006.mp4
0.33185396,0.668146,1,1,videos/6925821019433225478.mp4
0.57070094,0.42929906,0,0,videos/7116551346769104170.mp4
0.52918607,0.47081396,0,1,videos/7059453150226435375.mp4
0.58558905,0.4144109,0,0,videos/6989238474301918469.mp4
0.58200157,0.41799843,0,0,videos/7052572943271857454.mp4
0.44988343,0.5501166,1,1,videos/7074930560870780186.mp4
0.5497915,0.45020851,0,0,videos/6989661896664157445.mp4
0.45269963,0.5473004,1,0,videos/7115746083317239066.mp4
0.33368233,0.6663177,1,0,videos/6862694704379661573.mp4
0.5688155,0.4311845,0,0,videos/6967064079147994373.mp4
0.5378664,0.46213353,0,1,videos/6889902488212737281.mp4
0.56046844,0.43953156,0,0,videos/7033460529666575622.mp4
0.4999157,0.5000843,1,1,videos/7088713277949234437.mp4
0.5809224,0.41907758,0,0,videos/6959645495329410310.mp4
0.57438403,0.42561597,0,0,videos/6922190046648945925.mp4
0.5414984,0.45850158,0,1,videos/7051676128380996869.mp4
0.45871186,0.5412881,1,0,videos/7047247906906361134.mp4
0.57743204,0.42256793,0,0,videos/6952216063283055877.mp4
0.4975509,0.50244904,1,0,videos/7047491109685169413.mp4
0.5161962,0.4838038,0,0,videos/6987191713253117190.mp4
0.6125953,0.38740468,0,0,videos/6918821818841238786.mp4
0.2915455,0.70845443,1,0,videos/6956683592042941701.mp4
0.57151085,0.4284891,0,1,videos/7125549616447147270.mp4
0.5593148,0.4406852,0,1,videos/6802244300307434757.mp4
0.5406163,0.45938367,0,1,videos/6933674048585010437.mp4
0.3815976,0.6184024,1,0,videos/7036647085478841606.mp4
0.39611232,0.6038877,1,0,videos/7128073972721126702.mp4
0.48813742,0.5118626,1,0,videos/6928920963400748294.mp4
0.5974096,0.40259036,0,1,videos/6890604308119817473.mp4
0.51139474,0.48860526,0,0,videos/7122076201295891713.mp4
0.4908839,0.5091161,1,1,videos/7037697738661825798.mp4
0.32983795,0.6701621,1,1,videos/6970874454901640453.mp4
0.50018966,0.4998103,0,0,videos/7055930076533148955.mp4
0.54482216,0.45517784,0,0,videos/7039482517522763055.mp4
0.55959785,0.44040212,0,0,videos/7136048630967897350.mp4
0.53514695,0.46485305,0,0,videos/6829375073393184006.mp4
0.48097432,0.5190257,1,0,videos/6972310109175303430.mp4
0.5226646,0.47733536,0,0,videos/7085361753281875242.mp4
0.50923455,0.4907655,0,1,videos/6768308766598286598.mp4
0.498252,0.501748,1,1,videos/6869551964682816773.mp4
0.5784267,0.42157328,0,1,videos/7061723251768036654.mp4
0.43549022,0.5645098,1,0,videos/6986834232320576770.mp4
0.59617954,0.40382046,0,0,videos/6963507602416209153.mp4
0.36523077,0.6347692,1,1,videos/6927801009603448070.mp4
0.5487325,0.4512675,0,1,videos/6784981075325160710.mp4
0.47109562,0.5289043,1,1,videos/7036899121772465413.mp4
0.5555602,0.44443983,0,1,videos/7050112384371002671.mp4
0.52709794,0.47290206,0,0,videos/6806327288293149958.mp4
0.57178634,0.42821366,0,0,videos/7036427843445869830.mp4
0.32031712,0.67968285,1,1,videos/6978218145047694598.mp4
0.5988252,0.40117484,0,1,videos/6854992586470509830.mp4
0.49576217,0.50423783,1,1,videos/7090966667919953153.mp4
0.48178178,0.51821816,1,0,videos/6991938972410744069.mp4
0.46540654,0.53459346,1,0,videos/6764242002881121542.mp4
0.5798863,0.42011365,0,1,videos/6914384218617335045.mp4
0.5310769,0.46892315,0,0,videos/7022428815448149254.mp4
0.5122524,0.48774758,0,0,videos/7143064884786236677.mp4
0.53500116,0.46499884,0,0,videos/7002683011934276869.mp4
0.46961316,0.53038687,1,0,videos/6814244764108541190.mp4
0.5750774,0.42492256,0,1,videos/6957031758151863557.mp4
0.34575987,0.65424013,1,1,videos/7127603784678657285.mp4
0.5700734,0.4299265,0,1,videos/6766038594621623557.mp4
0.5110777,0.4889223,0,0,videos/7001552024198221062.mp4
0.4818778,0.5181222,1,0,videos/6913316057935514885.mp4
0.5449794,0.45502064,0,0,videos/6796806568298990854.mp4
0.6317161,0.3682839,0,1,videos/7041569616254012677.mp4
0.5346759,0.46532413,0,0,videos/6928165025538379013.mp4
0.59057534,0.40942466,0,0,videos/6980972263038323969.mp4
0.51227945,0.48772052,0,1,videos/7069754933708361003.mp4
0.50894094,0.4910591,0,0,videos/7085390656780127494.mp4
0.5171942,0.48280576,0,1,videos/6941524281457265926.mp4
0.52718145,0.47281852,0,0,videos/6962316625039133957.mp4
0.5816852,0.41831475,0,1,videos/6853950973744860421.mp4
0.4885401,0.5114599,1,1,videos/7086729400976248106.mp4
0.38446766,0.61553234,1,1,videos/6962759769891278082.mp4
0.579139,0.42086098,0,0,videos/6963323211740155141.mp4
0.55290234,0.4470977,0,0,videos/7080567275857677611.mp4
0.5249565,0.47504345,0,1,videos/6972658499599764741.mp4
0.581226,0.41877404,0,0,videos/6848327008758385926.mp4
0.6226667,0.37733334,0,1,videos/7014184212785892614.mp4
0.5338018,0.46619818,0,0,videos/6923864192139152645.mp4
0.5284256,0.47157446,0,0,videos/6793033398706277637.mp4
0.5095213,0.49047872,0,0,videos/7068740984762404138.mp4
0.5811123,0.41888767,0,0,videos/7006080390800657669.mp4
0.38991857,0.6100815,1,1,videos/7076153533996928302.mp4
0.5405796,0.45942038,0,0,videos/7010140169827306757.mp4
0.49629414,0.50370586,1,0,videos/7010083617778978049.mp4
0.5706234,0.42937663,0,0,videos/7086902121072839941.mp4
0.5278749,0.4721251,0,1,videos/6863510213161405702.mp4
0.35977665,0.6402233,1,1,videos/6974197940147571974.mp4
0.56836915,0.43163082,0,0,videos/7039553244821081349.mp4
0.57853615,0.42146385,0,1,videos/7118380022066334978.mp4
0.5075183,0.49248174,0,0,videos/6974785978963627269.mp4
0.51687455,0.48312545,0,1,videos/6914742205697592582.mp4
0.4958069,0.50419307,1,0,videos/7003482611200969989.mp4
0.5781642,0.4218358,0,0,videos/6866161073779723525.mp4
0.5004499,0.49955013,0,0,videos/6865653391859780870.mp4
0.56609124,0.43390876,0,0,videos/7049740942215220527.mp4
0.47162664,0.52837336,1,0,videos/7132871725234097454.mp4
0.41558924,0.5844107,1,1,videos/7008271131165674757.mp4
0.5879208,0.41207916,0,1,videos/6930267804415347973.mp4
0.59583133,0.40416867,0,0,videos/6856155826223123718.mp4
0.592119,0.40788102,0,0,videos/7017130531305360645.mp4
0.4922303,0.50776976,1,1,videos/7135125314274856235.mp4
0.5420346,0.45796534,0,1,videos/6920327322679692545.mp4
0.6209295,0.3790705,0,1,videos/6963686424298261766.mp4
0.5502781,0.4497219,0,1,videos/7121382829295963438.mp4
0.5700932,0.4299068,0,0,videos/6987866527894686981.mp4
0.5440515,0.45594847,0,0,videos/6808596330760604933.mp4
0.56055063,0.4394493,0,0,videos/6968284627802885381.mp4
0.5675386,0.43246138,0,1,videos/6984367789788253446.mp4
0.6133342,0.38666585,0,1,videos/6922483566664371461.mp4
0.5560289,0.4439711,0,1,videos/6924423271496649989.mp4
0.569167,0.43083292,0,1,videos/6986722777449434374.mp4
0.5684619,0.43153813,0,0,videos/7125562649277992238.mp4
0.53855777,0.4614422,0,0,videos/7103626381828852998.mp4
0.5840909,0.41590908,0,0,videos/7123342389338443009.mp4
0.40588674,0.59411323,1,1,videos/7133160071940394245.mp4
0.5871993,0.41280073,0,0,videos/7097021280775441669.mp4
0.5674733,0.43252668,0,0,videos/7071293597764619562.mp4
0.61162394,0.38837612,0,1,videos/7025324608630852870.mp4
0.6011285,0.3988715,0,1,videos/6912436201865760006.mp4
0.52930635,0.47069365,0,1,videos/7031652416638471425.mp4
0.50196517,0.49803486,0,0,videos/7128553074204953898.mp4
0.41121036,0.5887897,1,0,videos/6967548068199730437.mp4
0.55232793,0.44767207,0,1,videos/6957481796338601221.mp4
0.57855475,0.4214452,0,0,videos/7025677898912779526.mp4
0.6393502,0.36064985,0,0,videos/7026363074940521734.mp4
0.474179,0.52582103,1,1,videos/7135086899969936646.mp4
0.59524244,0.40475756,0,0,videos/7136932662316387627.mp4
0.53215253,0.4678475,0,1,videos/7132986111026105646.mp4
0.5521518,0.44784817,0,1,videos/6957865976893312262.mp4
0.6158987,0.38410127,0,0,videos/6890894114741570818.mp4
0.65481764,0.34518242,0,1,videos/6817472896009571589.mp4
0.43068054,0.5693195,1,0,videos/6948540307113921797.mp4
0.6028232,0.39717677,0,0,videos/6966599485824814341.mp4
0.57395786,0.42604208,0,0,videos/7136247689565523201.mp4
0.64318085,0.35681912,0,0,videos/7138375471149927685.mp4
0.63423175,0.36576828,0,0,videos/7139286630795463979.mp4
0.55055207,0.44944796,0,1,videos/7052491686819401007.mp4
0.523118,0.47688195,0,0,videos/6911964800297782529.mp4
0.5450386,0.45496142,0,1,videos/6836138090013166853.mp4
0.5246705,0.47532952,0,0,videos/6895550143379115269.mp4
0.5152604,0.48473966,0,1,videos/6879820960682331393.mp4
0.55780065,0.44219935,0,1,videos/6969795347333926150.mp4
0.42871764,0.5712824,1,0,videos/6863304863132962050.mp4
0.5328671,0.46713293,0,1,videos/6833901238908701957.mp4
0.6760299,0.32397005,0,0,videos/7121088079280016646.mp4
0.6979281,0.30207196,0,0,videos/6971951285545258246.mp4
0.5664094,0.43359065,0,1,videos/7009777725707783430.mp4
0.5428798,0.45712018,0,0,videos/6988129921063243013.mp4
0.59778506,0.40221488,0,1,videos/6960746868661964038.mp4
0.542595,0.45740494,0,0,videos/7099866647367781674.mp4
0.5563766,0.44362336,0,1,videos/6898432132130098434.mp4
0.71179837,0.28820157,0,0,videos/6965586164887702790.mp4
0.5623117,0.43768823,0,0,videos/7058005271284845871.mp4
0.58309937,0.41690063,0,1,videos/6884942741575339266.mp4
0.5428921,0.4571079,0,1,videos/7084069820978695470.mp4
0.51487875,0.48512125,0,1,videos/7023709117659286790.mp4
0.6906204,0.30937958,0,0,videos/6912450015705238786.mp4
0.5903692,0.4096308,0,1,videos/7022340756807650565.mp4
0.51977205,0.480228,0,1,videos/7004956639262543109.mp4
0.575394,0.42460606,0,0,videos/7136630573975555333.mp4
0.6249411,0.37505895,0,0,videos/6998104148394790145.mp4
0.55454785,0.4454521,0,1,videos/6983823908126379266.mp4
0.61801225,0.3819877,0,0,videos/6984518089740176645.mp4
0.55313724,0.44686276,0,0,videos/6789725881045683461.mp4
0.4937973,0.5062027,1,1,videos/7014373918865706246.mp4
0.6375741,0.3624259,0,0,videos/6896630856392232198.mp4
0.5471375,0.45286253,0,0,videos/7124638651597753605.mp4
0.7051911,0.29480895,0,0,videos/7105308354762870021.mp4
0.5887392,0.4112608,0,0,videos/6934908622656802053.mp4
0.54130083,0.45869914,0,0,videos/6962741858590100741.mp4
0.63656664,0.36343333,0,1,videos/7076251693754699051.mp4
0.6348252,0.36517477,0,0,videos/6724072000509185286.mp4
0.6420318,0.35796824,0,0,videos/7010548402928864518.mp4
0.515609,0.48439103,0,1,videos/6920268474912640262.mp4
0.4713278,0.5286722,1,1,videos/6970017781664320773.mp4
0.63958824,0.3604118,0,0,videos/7003371707071253765.mp4
0.6106796,0.38932037,0,1,videos/7078721347840527658.mp4
0.6031075,0.39689252,0,0,videos/6973480838532959490.mp4
0.557597,0.44240308,0,0,videos/7067285853734980910.mp4
0.5229155,0.47708452,0,0,videos/7124417254095146286.mp4
0.5665877,0.43341228,0,1,videos/7070343681143754030.mp4
0.6324789,0.3675211,0,1,videos/7020605795796520197.mp4
0.6681211,0.3318789,0,1,videos/7047855676806139141.mp4
0.63990605,0.36009398,0,1,videos/6959585575091604742.mp4
0.639486,0.360514,0,0,videos/6941869151111662854.mp4
0.58573514,0.41426483,0,0,videos/7037551578865339653.mp4
0.5032401,0.4967599,0,0,videos/7030162689108249861.mp4
0.75599265,0.24400733,0,0,videos/7013588345372544261.mp4
0.51723945,0.48276052,0,1,videos/6889598401613139205.mp4
0.5607551,0.4392449,0,1,videos/7063162042810780934.mp4
0.5917038,0.4082962,0,0,videos/6948077712376401158.mp4
0.41474614,0.5852539,1,1,videos/6910189069548932357.mp4
0.61672026,0.38327977,0,0,videos/6967676754240507141.mp4
0.64769876,0.35230124,0,0,videos/6950614444946771205.mp4
0.64092976,0.35907027,0,1,videos/6903507393443810562.mp4
0.44685924,0.5531408,1,0,videos/6946611881943616773.mp4
0.48765504,0.51234496,1,0,videos/7116934605390974254.mp4
0.5785046,0.42149538,0,0,videos/6881289051626933510.mp4
0.75817275,0.24182728,0,0,videos/6924104856286268677.mp4
0.49157527,0.5084247,1,1,videos/7089545232370486570.mp4
0.4959705,0.5040295,1,1,videos/6944340312244358406.mp4
0.6012121,0.39878786,0,0,videos/7106090602324004142.mp4
0.62458354,0.3754165,0,1,videos/6963381436359412997.mp4
0.4523492,0.5476508,1,1,videos/7038694670834224389.mp4
0.5394018,0.46059814,0,0,videos/6993034138521455878.mp4
0.72490853,0.27509147,0,0,videos/6935218591516216582.mp4
0.5347394,0.46526062,0,1,videos/6919071890279533826.mp4
0.531067,0.46893296,0,1,videos/7027226895741701382.mp4
0.6568494,0.34315065,0,0,videos/6947429811841256710.mp4
0.69850343,0.30149657,0,0,videos/6934901657767595270.mp4
0.45758164,0.5424184,1,1,videos/6879139227779550470.mp4
0.5802403,0.41975972,0,0,videos/6959213673000881414.mp4
0.5180141,0.48198593,0,1,videos/6956669207157148934.mp4
0.6808847,0.31911525,0,0,videos/7060020436330958081.mp4
0.6439049,0.35609508,0,0,videos/6794883578778946822.mp4
0.6192561,0.38074392,0,0,videos/6963741932384210181.mp4
0.49150184,0.5084982,1,0,videos/6942202109030976774.mp4
0.5931598,0.4068402,0,1,videos/7000810036326878470.mp4
0.57291627,0.4270837,0,0,videos/6954113509219126533.mp4
0.7127581,0.28724188,0,0,videos/7097436875777953025.mp4
0.48075712,0.5192429,1,1,videos/7096135916544167211.mp4
0.54381883,0.45618117,0,1,videos/6985641720947985669.mp4
0.55275106,0.4472489,0,0,videos/7054255910536973574.mp4
0.61252093,0.38747904,0,0,videos/7017154046821715206.mp4
0.5199614,0.4800386,0,0,videos/7024204483748023557.mp4
0.6392366,0.36076334,0,0,videos/7119301365460978971.mp4
0.54119116,0.45880884,0,0,videos/7102345579862314267.mp4
0.5597221,0.44027787,0,0,videos/7101566469359652122.mp4
0.71994543,0.28005463,0,1,videos/6934922064394587398.mp4
0.5079324,0.49206755,0,1,videos/6876237829119249666.mp4
0.47027686,0.52972317,1,0,videos/6898524793121869061.mp4
0.60356265,0.39643738,0,1,videos/6998201254501420294.mp4
0.5680498,0.43195024,0,1,videos/7055663645816180014.mp4
0.58535504,0.414645,0,0,videos/6901034804662308097.mp4
0.5886695,0.41133052,0,0,videos/7022662747036978438.mp4
0.7092969,0.29070315,0,0,videos/6895161636441640197.mp4
0.5647667,0.4352333,0,0,videos/7125542687880613125.mp4
0.57372046,0.42627952,0,1,videos/6974044311251930373.mp4
0.6103051,0.38969496,0,1,videos/7005264780512496902.mp4
0.5075857,0.49241427,0,1,videos/6827644014846676229.mp4
0.521848,0.478152,0,0,videos/7031498332455406853.mp4
0.49236348,0.5076365,1,1,videos/6927014177554959621.mp4
0.55485195,0.44514805,0,1,videos/6862490918713330949.mp4
0.5403357,0.4596643,0,1,videos/7087788763094600962.mp4
0.7348922,0.26510784,0,0,videos/7099727755159375109.mp4
0.6512862,0.34871385,0,0,videos/7111378907231767814.mp4
0.47195247,0.52804756,1,1,videos/7057578862066093358.mp4
0.457233,0.542767,1,1,videos/7140325874414406918.mp4
0.6113586,0.38864142,0,0,videos/6940598007675030790.mp4
0.5271044,0.47289565,0,0,videos/7109215731539119366.mp4
0.5715075,0.4284925,0,0,videos/7026869904078949638.mp4
0.71468496,0.28531504,0,0,videos/7125063091452153093.mp4
0.5930166,0.4069834,0,1,videos/6842033977524604165.mp4
0.41715688,0.5828431,1,1,videos/6951826479202225413.mp4
0.68397063,0.31602937,0,0,videos/7116650352660729093.mp4
0.5566354,0.44336462,0,1,videos/7036263625375468801.mp4
0.5494904,0.45050964,0,1,videos/6855638771388419334.mp4
0.47587472,0.5241253,1,1,videos/6828690308549643526.mp4
0.53803384,0.46196616,0,1,videos/7043845930432466182.mp4
0.55870426,0.4412957,0,1,videos/7084003339809099054.mp4
0.43679255,0.56320745,1,0,videos/7043575831997992238.mp4
0.69767,0.30233,0,1,videos/7030782797128224005.mp4
0.56300616,0.43699387,0,1,videos/7033460920848321797.mp4
0.4995955,0.5004045,1,1,videos/6939640400336424198.mp4
0.47371975,0.5262803,1,1,videos/6924799416117267718.mp4
0.75947666,0.2405234,0,0,videos/7135308751090847022.mp4
0.59320074,0.40679932,0,1,videos/6978836546979958021.mp4
0.6494279,0.3505721,0,0,videos/6983408743987875078.mp4
0.6405225,0.3594775,0,0,videos/6865721710331628805.mp4
0.5876462,0.41235378,0,0,videos/6881378887452970242.mp4
0.5439369,0.45606312,0,0,videos/6945634615730179333.mp4
0.49879527,0.5012048,1,1,videos/7115081394304404779.mp4
0.4300428,0.5699572,1,0,videos/7124422632522517803.mp4
0.506403,0.49359694,0,0,videos/7081338562079116586.mp4
0.55754477,0.44245526,0,1,videos/7046811491068185903.mp4
0.72881526,0.27118477,0,0,videos/6947214524235713794.mp4
0.6166245,0.38337553,0,1,videos/7021235848553188614.mp4
0.54245406,0.45754597,0,1,videos/7004765049273306370.mp4
0.3768626,0.6231375,1,1,videos/6974157641085930757.mp4
0.5235966,0.4764034,0,1,videos/6935046770778967302.mp4
0.51597226,0.4840277,0,0,videos/6989026247544147206.mp4
0.463752,0.536248,1,1,videos/7120453573795794181.mp4
0.5423853,0.45761466,0,1,videos/6836513130990931205.mp4
0.63373494,0.36626506,0,0,videos/7107653354217655557.mp4
0.38023457,0.6197654,1,0,videos/6954112989540650246.mp4
0.72852284,0.27147716,0,0,videos/6967056627929304326.mp4
0.5488706,0.45112935,0,0,videos/7120201478320442625.mp4
0.7216945,0.2783054,0,0,videos/6972956379841678593.mp4
0.46476877,0.53523123,1,0,videos/6922123668223003909.mp4
0.51347226,0.48652768,0,1,videos/6982190863724170502.mp4
0.608365,0.391635,0,1,videos/7089211654445092139.mp4
0.6831198,0.3168803,0,0,videos/6934322858030075141.mp4
0.5287233,0.47127667,0,1,videos/7015686110282075398.mp4
0.54173696,0.4582631,0,0,videos/6893622432842730758.mp4
0.43932867,0.5606713,1,1,videos/6866452515425144070.mp4
0.39691317,0.60308677,1,0,videos/6817935632141257989.mp4
0.55830985,0.44169012,0,0,videos/7102538602046950661.mp4
0.51910776,0.4808922,0,1,videos/7126602508864130309.mp4
0.5312057,0.46879435,0,1,videos/6838632818923277573.mp4
0.46901056,0.5309894,1,1,videos/7053399927011003649.mp4
0.81944865,0.18055134,0,0,videos/6917830289716743430.mp4
0.3689726,0.6310274,1,0,videos/6889543947102801157.mp4
0.61223197,0.38776806,0,0,videos/7105295175122947333.mp4
0.66236216,0.33763784,0,1,videos/6869102268143127814.mp4
0.57388616,0.42611384,0,1,videos/6912007927343762689.mp4
0.3890002,0.61099976,1,1,videos/7103191817792884014.mp4
0.63597065,0.36402938,0,0,videos/7054991855343258926.mp4
0.5456196,0.45438036,0,0,videos/6935226315855432965.mp4
0.5047222,0.4952778,0,1,videos/6866413553855843586.mp4
0.37681976,0.6231802,1,0,videos/6965124880673099013.mp4
0.6776051,0.3223949,0,0,videos/7021524275983125761.mp4
0.5322851,0.4677149,0,0,videos/6928441842862165254.mp4
0.47475713,0.5252428,1,0,videos/6968270104152837381.mp4
0.49299514,0.50700486,1,0,videos/6991783325190966533.mp4
0.5352094,0.4647906,0,1,videos/7087325940845399339.mp4
0.3081816,0.6918184,1,0,videos/6978707105461062918.mp4
0.54451424,0.45548573,0,0,videos/6969369494087060742.mp4
0.80716574,0.19283429,0,1,videos/6831212914658135301.mp4
0.58412266,0.4158773,0,1,videos/6878040583307267333.mp4
0.48350346,0.51649654,1,0,videos/6892168391939886342.mp4
0.4907838,0.5092162,1,0,videos/7038425758628564271.mp4
0.53753847,0.46246153,0,0,videos/7091873201776512298.mp4
0.55896264,0.44103736,0,0,videos/6904752300603002117.mp4
0.4342314,0.5657686,1,0,videos/7027869709366217989.mp4
0.6409291,0.35907093,0,0,videos/7011878954156035333.mp4
0.3805034,0.61949664,1,0,videos/7088297406810311941.mp4
0.4795386,0.5204614,1,0,videos/7102184257518505262.mp4
0.53917176,0.46082819,0,1,videos/7140995529512717573.mp4
0.4361123,0.5638877,1,0,videos/7100704219056917806.mp4
0.7711333,0.22886668,0,0,videos/6794642570514320645.mp4
0.6449468,0.35505313,0,0,videos/7118189594801196334.mp4
0.62384784,0.37615216,0,0,videos/7069520666973719851.mp4
0.453809,0.54619104,1,1,videos/7096674341609278763.mp4
0.4252467,0.5747533,1,1,videos/7134691379866864901.mp4
0.51877546,0.48122454,0,1,videos/6955233721289166086.mp4
0.7680179,0.23198205,0,1,videos/7124066168561831211.mp4
0.4154851,0.58451486,1,0,videos/7141485168707046662.mp4
0.53423846,0.46576157,0,1,videos/6905836357629824262.mp4
0.61086863,0.38913134,0,0,videos/7042776568845897007.mp4
0.48323286,0.51676714,1,0,videos/7098956543315430702.mp4
0.4883957,0.5116043,1,1,videos/7044276361988607278.mp4
0.5227252,0.47727478,0,1,videos/7136981173691010350.mp4
0.64922696,0.35077307,0,1,videos/7061751391374609710.mp4
0.6531316,0.34686837,0,0,videos/6961870067684396294.mp4
0.6772717,0.32272834,0,0,videos/7067715837255470383.mp4
0.35254058,0.6474594,1,1,videos/7046470848491818286.mp4
0.55156916,0.44843084,0,1,videos/7135475454768631045.mp4
0.7211832,0.27881685,0,1,videos/7113307992346365190.mp4
0.4704936,0.52950644,1,0,videos/6951054181834706182.mp4
0.76553154,0.23446849,0,1,videos/7116606100115393798.mp4
0.45330182,0.5466982,1,1,videos/7062667963408731397.mp4
0.43456566,0.5654344,1,1,videos/6939469935768816902.mp4
0.5094744,0.49052557,0,0,videos/6961695133238693125.mp4
0.5737932,0.4262068,0,1,videos/7067659840079957294.mp4
0.5656217,0.4343784,0,0,videos/6923610478140869893.mp4
0.5510201,0.4489799,0,1,videos/6925626617846926597.mp4
0.34106925,0.6589307,1,1,videos/7037115945038515462.mp4
0.82850665,0.17149338,0,0,videos/7080574494024142122.mp4
0.6198102,0.38018975,0,0,videos/6983019572974734598.mp4
0.46444318,0.5355568,1,1,videos/6920276326360321286.mp4
0.5466278,0.45337218,0,1,videos/7016428012904172806.mp4
0.52438223,0.47561774,0,1,videos/6896141785765104898.mp4
0.640176,0.35982403,0,1,videos/6962382682248482053.mp4
0.59550536,0.40449458,0,0,videos/7085900009283226926.mp4
0.55317765,0.44682235,0,0,videos/6857220625258351877.mp4
0.29350033,0.70649964,1,0,videos/6968116509742730502.mp4
0.6655344,0.33446568,0,1,videos/6828214342043831558.mp4
0.63987947,0.36012053,0,1,videos/6889619208221527298.mp4
0.50062686,0.4993731,0,0,videos/6873128504850976006.mp4
0.34857035,0.65142965,1,1,videos/7095489710986087685.mp4
0.7722777,0.22772226,0,1,videos/6976751046185979141.mp4
0.3127072,0.6872928,1,0,videos/6896611288697408773.mp4
0.54334724,0.45665276,0,1,videos/6938718844034895110.mp4
0.43618008,0.5638199,1,1,videos/7134215563517201707.mp4
0.63574207,0.36425787,0,0,videos/7011517249823558918.mp4
0.46071264,0.5392874,1,0,videos/6850255790058605829.mp4
0.47707182,0.5229282,1,0,videos/6924117570580794629.mp4
0.72608316,0.27391684,0,0,videos/6993507751200656646.mp4
0.53003776,0.46996224,0,0,videos/7127404905265908997.mp4
0.42379764,0.57620233,1,1,videos/7120478459419249966.mp4
0.78957963,0.21042034,0,0,videos/7135684779080453378.mp4
0.383932,0.61606795,1,1,videos/7076635675797376298.mp4
0.4315195,0.5684805,1,0,videos/7133427230398647598.mp4
0.38892815,0.6110718,1,0,videos/6862728291715992834.mp4
0.7168758,0.2831242,0,0,videos/7141833238292581634.mp4
0.49627987,0.5037201,1,0,videos/7107013371660160298.mp4
0.35900015,0.6409998,1,1,videos/6821436083004263686.mp4
0.4615992,0.5384008,1,0,videos/6954397180337655045.mp4
0.6607169,0.33928317,0,0,videos/6958892877694995718.mp4
0.5231865,0.47681352,0,1,videos/7084308388884057350.mp4
0.6680214,0.33197856,0,0,videos/6774758485910441222.mp4
0.57567006,0.42432997,0,0,videos/7133253657574788358.mp4
0.65561026,0.3443897,0,0,videos/7116279057406299434.mp4
0.34134638,0.65865356,1,1,videos/7003690818603093254.mp4
0.33945477,0.66054523,1,1,videos/6864469719181790469.mp4
0.7101744,0.2898256,0,0,videos/6739312750398409990.mp4
0.517107,0.482893,0,0,videos/6911111891586649350.mp4
0.36281916,0.6371808,1,1,videos/6959010754309655813.mp4
0.53737515,0.46262488,0,0,videos/7099824919382330629.mp4
0.6431594,0.35684067,0,1,videos/6984935999163960582.mp4
0.4714425,0.5285575,1,1,videos/6865913390347455750.mp4
0.5062466,0.4937534,0,1,videos/7103288292765912366.mp4
0.5699628,0.43003714,0,1,videos/6923294237580610822.mp4
0.55919594,0.4408041,0,0,videos/7090641948653948166.mp4
0.31595975,0.68404025,1,0,videos/6991866389439008005.mp4
0.42156553,0.57843447,1,1,videos/6935227018007137541.mp4
0.6358855,0.36411455,0,0,videos/7019078851644886277.mp4
0.45999485,0.5400052,1,0,videos/6803837437287173382.mp4
0.51709574,0.48290426,0,0,videos/6984839057603841286.mp4
0.6908757,0.30912426,0,1,videos/7045332013565381894.mp4
0.592668,0.407332,0,0,videos/6911522158288080134.mp4
0.536209,0.46379098,0,0,videos/6974471148062936325.mp4
0.6239336,0.37606636,0,0,videos/6979219805903621382.mp4
0.51413643,0.48586357,0,1,videos/7090478857802747178.mp4
0.47539604,0.52460396,1,1,videos/6967751530132802821.mp4
0.74628115,0.2537189,0,0,videos/6979627558358781190.mp4
0.49530992,0.5046901,1,1,videos/6816354021587078406.mp4
0.35639578,0.64360416,1,0,videos/6869100546947566854.mp4
0.3904668,0.6095332,1,1,videos/6900517393177513222.mp4
0.34935918,0.65064085,1,1,videos/6977897776399027461.mp4
0.37079588,0.6292041,1,0,videos/7124054058494643461.mp4
0.7680964,0.23190357,0,0,videos/6912840520943389954.mp4
0.43073454,0.5692654,1,0,videos/7136115124112493830.mp4
0.83025604,0.16974396,0,0,videos/6956572254360669446.mp4
0.48910084,0.5108991,1,1,videos/6891004230665014533.mp4
0.54135174,0.4586483,0,0,videos/6898460803238776065.mp4
0.4560318,0.5439682,1,0,videos/7107027328831589637.mp4
0.45192838,0.5480716,1,0,videos/6935039587190344965.mp4
0.39174715,0.6082528,1,1,videos/7107695311564459306.mp4
0.5191121,0.4808879,0,0,videos/7022509769390836993.mp4
0.4610834,0.53891665,1,0,videos/7043429419641343238.mp4
0.5721064,0.42789352,0,1,videos/6816131905885408518.mp4
0.810334,0.18966599,0,1,videos/6944050529907543302.mp4
0.6466513,0.35334867,0,1,videos/7084692175405190446.mp4
0.43969125,0.56030875,1,1,videos/6947859877536566533.mp4
0.48912594,0.51087403,1,1,videos/6868970247781747973.mp4
0.6265231,0.37347695,0,1,videos/7039365996053794053.mp4
0.7585999,0.24140017,0,1,videos/6906961576868236549.mp4
0.4995296,0.5004704,1,0,videos/6981141872332836101.mp4
0.5423746,0.4576254,0,0,videos/7056124296086801670.mp4
0.4997432,0.5002568,1,0,videos/6939980533044759813.mp4
0.34351683,0.6564832,1,0,videos/6873477513318911234.mp4
0.56201243,0.43798754,0,1,videos/7012337984259312901.mp4
0.6124334,0.38756666,0,0,videos/7124923800503848238.mp4
0.53879094,0.46120906,0,0,videos/6974826912141069573.mp4
0.5155128,0.48448715,0,0,videos/7051328279264906542.mp4
0.5282492,0.47175077,0,0,videos/6830867058629070085.mp4
0.6993043,0.30069575,0,1,videos/7017599981477481734.mp4
0.46649823,0.5335018,1,0,videos/6978573242046958853.mp4
0.5048858,0.4951142,0,0,videos/6968488379789036806.mp4
0.42677534,0.5732246,1,0,videos/7042114078965353733.mp4
0.3729617,0.62703824,1,1,videos/6921039022861077766.mp4
0.7090845,0.29091546,0,0,videos/6921959901178678534.mp4
0.46825203,0.53174794,1,1,videos/6903224967102582022.mp4
0.6236927,0.3763073,0,1,videos/7073501657564253482.mp4
0.5040333,0.49596667,0,0,videos/7091469048088694062.mp4
0.5567136,0.44328645,0,0,videos/6971108724391841030.mp4
0.46050584,0.53949416,1,0,videos/7112111281145924869.mp4
