video	true_label	predicted_label	prob_class_0	prob_class_1
6920327322679692545.mp4	0	0	0.7122899	0.28771007
6935046770778967302.mp4	0	0	0.668383	0.33161697
7123342389338443009.mp4	1	1	0.39243984	0.6075601
7076153533996928302.mp4	1	1	0.31189856	0.6881014
7039365996053794053.mp4	0	0	0.66598135	0.3340186
7067715837255470383.mp4	1	1	0.31368598	0.68631405
7080753879641492778.mp4	0	0	0.66400623	0.33599377
6937118812529577222.mp4	1	1	0.32823786	0.6717621
6903507393443810562.mp4	0	0	0.5074361	0.49256387
6987866527894686981.mp4	0	0	0.6055515	0.39444855
6943217682086956294.mp4	0	1	0.4648456	0.53515446
6931726886422793473.mp4	1	1	0.23365939	0.7663406
6906961576868236549.mp4	1	1	0.2512352	0.74876475
6895161636441640197.mp4	0	0	0.53806925	0.46193072
6970874454901640453.mp4	0	0	0.73269933	0.26730067
7004765049273306370.mp4	1	1	0.38793167	0.6120683
6911261711215430914.mp4	1	1	0.3177377	0.6822623
6956669207157148934.mp4	0	1	0.4917211	0.50827885
6896249977417370881.mp4	1	1	0.44744775	0.5525523
7139239744386452742.mp4	1	1	0.14723161	0.8527684
6848327008758385926.mp4	1	1	0.28582206	0.7141779
7116279057406299434.mp4	1	1	0.3072934	0.69270664
6903561363256380674.mp4	1	1	0.43838906	0.56161094
6947859877536566533.mp4	1	1	0.48377788	0.5162221
6961870067684396294.mp4	0	0	0.5439576	0.45604244
7118380022066334978.mp4	0	0	0.59221095	0.40778908
7135308751090847022.mp4	1	1	0.23463361	0.76536644
7087788763094600962.mp4	0	0	0.6292259	0.37077412
7041591385127963951.mp4	1	1	0.45375967	0.5462404
6939789003738729729.mp4	1	1	0.40546143	0.5945386
6972658499599764741.mp4	0	1	0.4214777	0.5785223
6923864192139152645.mp4	0	0	0.6350918	0.36490822
6962741858590100741.mp4	0	1	0.4408609	0.55913913
7128073972721126702.mp4	1	1	0.23949385	0.76050615
6921959901178678534.mp4	0	0	0.72488546	0.27511454
6984053616776596742.mp4	0	0	0.6752786	0.32472137
6957481796338601221.mp4	1	1	0.4676266	0.53237337
7128553074204953898.mp4	0	0	0.7878613	0.21213874
6830867058629070085.mp4	1	1	0.29899567	0.7010043
6724072000509185286.mp4	0	0	0.62464535	0.37535465
6881289051626933510.mp4	0	0	0.66254425	0.33745578
7003371707071253765.mp4	0	0	0.72197115	0.27802885
7092304364559207706.mp4	1	1	0.23042412	0.7695759
6951826479202225413.mp4	0	0	0.75819576	0.24180421
6865375167904861445.mp4	0	0	0.6498569	0.35014305
6981141872332836101.mp4	1	1	0.2616364	0.7383636
7061751391374609710.mp4	0	0	0.76008224	0.23991776
6973480838532959490.mp4	1	1	0.3378613	0.66213876
6890894114741570818.mp4	0	0	0.7996418	0.20035821
7125063091452153093.mp4	0	0	0.639815	0.36018497
6784981075325160710.mp4	0	0	0.5746509	0.42534912
7013588345372544261.mp4	0	0	0.6112354	0.38876456
7006080390800657669.mp4	0	0	0.68446606	0.3155339
6789725881045683461.mp4	1	1	0.31593138	0.6840687
6969074020645997830.mp4	0	0	0.82656294	0.17343707
7098956543315430702.mp4	1	1	0.30092552	0.6990745
7033460529666575622.mp4	0	0	0.57432777	0.4256723
6928920963400748294.mp4	0	0	0.7495672	0.25043285
6963381436359412997.mp4	0	1	0.36762342	0.63237655
7001552024198221062.mp4	1	1	0.29991114	0.70008886
7135684779080453378.mp4	1	1	0.34157568	0.6584244
6955233721289166086.mp4	1	1	0.34043232	0.6595677
7114077855985716526.mp4	1	0	0.5015437	0.49845633
7101566469359652122.mp4	0	0	0.5273046	0.47269544
6938861267746573573.mp4	0	0	0.5311884	0.46881157
6941869151111662854.mp4	1	1	0.48737425	0.51262575
7085003283508776238.mp4	1	1	0.259491	0.740509
6919071890279533826.mp4	0	0	0.6273553	0.37264475
7069679638682864901.mp4	0	0	0.5390858	0.4609142
7011878954156035333.mp4	0	0	0.66879344	0.3312065
7107653354217655557.mp4	1	1	0.37931353	0.6206864
7087325940845399339.mp4	1	1	0.44779032	0.5522097
7046470848491818286.mp4	1	1	0.33068576	0.66931427
6959213673000881414.mp4	1	1	0.37039578	0.6296043
7093750778531384622.mp4	0	0	0.55708593	0.4429141
7084003339809099054.mp4	0	0	0.5839558	0.41604418
6976313493901397254.mp4	0	0	0.7428109	0.25718912
6836138090013166853.mp4	0	0	0.5401366	0.45986342
7122076201295891713.mp4	1	1	0.29749444	0.7025056
6884830096608283909.mp4	0	0	0.746903	0.25309697
7120453573795794181.mp4	0	0	0.51473093	0.48526907
6946611881943616773.mp4	1	1	0.45966408	0.5403359
6879820960682331393.mp4	1	1	0.20373377	0.7962662
6866452515425144070.mp4	1	1	0.22103514	0.7789649
7124054058494643461.mp4	1	1	0.35248184	0.64751816
7073501657564253482.mp4	0	0	0.613011	0.38698903
6948540307113921797.mp4	1	1	0.25904965	0.74095035
7063162042810780934.mp4	0	0	0.67509013	0.32490987
6881247887762738434.mp4	1	1	0.34258977	0.6574102
7085900009283226926.mp4	1	1	0.3992105	0.60078955
7054255910536973574.mp4	1	0	0.5434988	0.4565012
7054991855343258926.mp4	0	0	0.53300184	0.4669982
6974157641085930757.mp4	0	0	0.5236586	0.4763414
6794642570514320645.mp4	0	0	0.53884864	0.4611514
6940598007675030790.mp4	1	1	0.30538234	0.6946176
6983042234413288710.mp4	1	1	0.21447541	0.7855246
7100704219056917806.mp4	0	0	0.5936215	0.40637845
7121088079280016646.mp4	1	0	0.506541	0.49345902
7037115945038515462.mp4	0	0	0.7034631	0.29653692
7011517249823558918.mp4	1	1	0.34002778	0.6599722
6991866389439008005.mp4	1	1	0.47144213	0.52855784
7134026951479725358.mp4	0	0	0.6342376	0.36576238
7035573132245175553.mp4	0	0	0.67699736	0.32300264
7008271131165674757.mp4	1	1	0.34616694	0.6538331
7103524881886743854.mp4	1	1	0.26677856	0.7332214
7135125314274856235.mp4	0	1	0.43887818	0.56112176
6969369494087060742.mp4	1	1	0.23822817	0.76177186
6967676754240507141.mp4	1	1	0.41402954	0.58597046
7078721347840527658.mp4	0	0	0.53236455	0.46763545
6978573242046958853.mp4	0	1	0.42390615	0.5760938
7111378907231767814.mp4	0	0	0.517548	0.48245195
7107027328831589637.mp4	0	1	0.32040626	0.67959374
6963686424298261766.mp4	0	1	0.42052117	0.57947886
6836513130990931205.mp4	1	1	0.32671025	0.6732897
7048519039622221102.mp4	1	1	0.4319379	0.56806207
7133011511856942379.mp4	0	0	0.7339028	0.2660972
6980972263038323969.mp4	0	0	0.65318674	0.34681323
6774758485910441222.mp4	1	1	0.3590548	0.6409452
6873477513318911234.mp4	1	1	0.38874534	0.61125463
7025677898912779526.mp4	0	0	0.6745478	0.32545224
6968270104152837381.mp4	0	0	0.66498524	0.3350147
6923610478140869893.mp4	1	1	0.3394645	0.6605355
6934908622656802053.mp4	0	0	0.7603668	0.23963328
7041004253770534150.mp4	1	1	0.20424639	0.79575366
7062667963408731397.mp4	0	0	0.6205525	0.37944752
7126602508864130309.mp4	0	1	0.39578918	0.6042108
7005264780512496902.mp4	1	1	0.40423566	0.59576434
7140325874414406918.mp4	0	0	0.53099084	0.46900913
6986834232320576770.mp4	1	1	0.24769402	0.752306
7106090602324004142.mp4	0	0	0.6042476	0.39575237
7033460920848321797.mp4	0	0	0.6624637	0.33753628
6938718844034895110.mp4	1	1	0.3497815	0.6502185
6958892877694995718.mp4	0	0	0.8028034	0.19719666
7021524275983125761.mp4	0	0	0.6172475	0.38275248
7136932662316387627.mp4	1	1	0.16562708	0.8343729
6968284627802885381.mp4	0	0	0.7177035	0.2822965
7096135916544167211.mp4	1	1	0.33701557	0.66298443
6970017781664320773.mp4	1	1	0.330517	0.66948295
7097021280775441669.mp4	0	0	0.6855172	0.31448287
7120478459419249966.mp4	1	1	0.43492645	0.56507355
7085361753281875242.mp4	1	1	0.40486258	0.5951374
6993034138521455878.mp4	0	0	0.72182596	0.27817404
7051676128380996869.mp4	0	0	0.54364026	0.45635977
6814638913001442565.mp4	1	1	0.31716314	0.68283683
7067659840079957294.mp4	1	1	0.35647744	0.64352256
6883347739543915781.mp4	0	0	0.6125869	0.38741305
6918070619619872005.mp4	1	1	0.3698836	0.6301164
6971108724391841030.mp4	1	1	0.34556434	0.6544357
7043575831997992238.mp4	0	0	0.596904	0.40309602
7022428815448149254.mp4	0	0	0.70577556	0.29422444
7086729400976248106.mp4	0	0	0.6695928	0.3304072
7136630573975555333.mp4	0	0	0.66746837	0.3325316
6967751530132802821.mp4	1	1	0.2386739	0.76132613
6869102268143127814.mp4	0	0	0.57685745	0.42314252
7080574494024142122.mp4	1	1	0.2509441	0.74905586
6865472426835217670.mp4	1	1	0.3322875	0.6677125
6967064079147994373.mp4	1	1	0.24021453	0.75978553
6898460803238776065.mp4	0	0	0.58917207	0.410828
7105308354762870021.mp4	0	0	0.5214894	0.47851065
6984935999163960582.mp4	1	1	0.3633296	0.6366704
7002683011934276869.mp4	0	1	0.4014416	0.5985584
7141890890427043114.mp4	0	0	0.59004015	0.40995988
7027226895741701382.mp4	0	0	0.59653616	0.40346387
6976912386041138438.mp4	0	0	0.5443772	0.45562282
7076251693754699051.mp4	1	1	0.35415068	0.64584935
6976751046185979141.mp4	0	0	0.6758957	0.32410437
7104038080046320938.mp4	0	0	0.54053664	0.45946336
6963168165673192709.mp4	0	0	0.8285341	0.17146584
7017889713491152133.mp4	1	1	0.23006985	0.7699302
6896141785765104898.mp4	0	0	0.6157267	0.38427332
7114172233555135786.mp4	1	1	0.2613388	0.73866117
6959645495329410310.mp4	1	1	0.34787536	0.65212464
7097436875777953025.mp4	1	1	0.3101227	0.6898773
7053399927011003649.mp4	0	1	0.39476544	0.60523456
6863304863132962050.mp4	0	0	0.59376043	0.40623957
7136247689565523201.mp4	0	0	0.71435493	0.28564507
6961510133570522374.mp4	0	1	0.47538677	0.5246132
6889543947102801157.mp4	0	0	0.75833005	0.24166998
6890604308119817473.mp4	0	1	0.3043481	0.69565195
6862694704379661573.mp4	0	0	0.6554861	0.34451392
6979219805903621382.mp4	1	1	0.25602576	0.7439742
6941946004417547526.mp4	0	1	0.47534734	0.52465266
6968948923050249477.mp4	0	0	0.61046344	0.3895365
7084692175405190446.mp4	1	1	0.49645057	0.50354946
7080567275857677611.mp4	1	1	0.33735707	0.66264296
7012337984259312901.mp4	0	0	0.58900213	0.4109979
6978707105461062918.mp4	1	0	0.52782977	0.47217023
6806327288293149958.mp4	0	0	0.62320596	0.376794
6908368446942137606.mp4	0	0	0.75699496	0.24300501
7090641948653948166.mp4	0	0	0.6666091	0.33339092
6817472896009571589.mp4	1	1	0.20853177	0.79146826
6944050529907543302.mp4	0	0	0.6729886	0.32701138
7031498332455406853.mp4	0	0	0.64157355	0.35842645
6865913390347455750.mp4	1	0	0.5437438	0.45625624
6991938972410744069.mp4	1	1	0.44893536	0.55106467
6889619208221527298.mp4	0	0	0.55217427	0.44782573
7090966667919953153.mp4	0	0	0.72318226	0.27681774
6856155826223123718.mp4	1	1	0.46584615	0.5341539
7071293597764619562.mp4	1	1	0.29920277	0.7007972
7109215731539119366.mp4	1	1	0.27864334	0.7213567
6944340312244358406.mp4	0	0	0.82596064	0.17403933
6853950973744860421.mp4	0	0	0.8320502	0.16794977
7132986111026105646.mp4	0	0	0.6992145	0.3007855
7060973630120889605.mp4	0	0	0.82972765	0.1702724
7003482611200969989.mp4	1	1	0.4447915	0.55520856
6802244300307434757.mp4	0	0	0.82024676	0.17975317
6898432132130098434.mp4	0	0	0.6183613	0.38163865
7119301365460978971.mp4	1	1	0.3707211	0.62927896
6906642766097321221.mp4	0	0	0.54398316	0.4560168
7051328279264906542.mp4	0	0	0.754429	0.24557106
7020081792560450821.mp4	0	0	0.73935616	0.26064387
7068740984762404138.mp4	0	0	0.71749926	0.28250077
7143064884786236677.mp4	1	1	0.43306842	0.5669316
7124417254095146286.mp4	1	0	0.59678525	0.40321472
6914742205697592582.mp4	1	1	0.471373	0.528627
7069754933708361003.mp4	0	0	0.69543624	0.3045638
7102538602046950661.mp4	1	0	0.51835155	0.48164845
6978218145047694598.mp4	0	0	0.76149464	0.23850542
6868970247781747973.mp4	0	0	0.53822863	0.46177137
7022662747036978438.mp4	0	0	0.5202766	0.47972336
6927801009603448070.mp4	1	1	0.41179612	0.58820385
7106080211925601542.mp4	0	0	0.5573325	0.44266745
7124923800503848238.mp4	0	0	0.6146473	0.38535267
6796806568298990854.mp4	0	1	0.46906883	0.5309311
6887902472422083841.mp4	1	1	0.37111503	0.62888503
6939640400336424198.mp4	1	1	0.3555881	0.64441186
6910189069548932357.mp4	0	0	0.54734176	0.45265827
6842033977524604165.mp4	0	0	0.603741	0.39625904
7091873201776512298.mp4	1	1	0.27012968	0.7298704
6821436083004263686.mp4	0	0	0.7232782	0.2767218
6808596330760604933.mp4	0	0	0.7336152	0.2663848
6969795347333926150.mp4	1	1	0.34145743	0.65854263
6879139227779550470.mp4	1	1	0.15252179	0.8474782
6988129921063243013.mp4	1	1	0.30574912	0.6942509
6868311865185848581.mp4	0	0	0.6796157	0.3203843
6827644014846676229.mp4	1	1	0.23147938	0.76852065
7120201478320442625.mp4	0	0	0.63840574	0.3615943
6954104977220586757.mp4	1	1	0.38129905	0.6187009
6972226170666421510.mp4	0	0	0.7595849	0.24041508
6865721710331628805.mp4	1	1	0.22778685	0.77221316
7133427230398647598.mp4	1	1	0.4086962	0.59130377
7140995529512717573.mp4	1	1	0.35880092	0.6411991
7017154046821715206.mp4	0	0	0.79114217	0.20885779
7010548402928864518.mp4	0	0	0.64779454	0.35220543
6862728291715992834.mp4	1	0	0.5622465	0.4377535
6935227018007137541.mp4	0	0	0.54385686	0.45614317
6978886564566928646.mp4	0	0	0.65760815	0.34239185
7099866647367781674.mp4	1	1	0.49210247	0.5078975
7118189594801196334.mp4	0	1	0.4879113	0.5120887
7036427843445869830.mp4	1	1	0.4775193	0.5224807
7127603784678657285.mp4	0	0	0.7528296	0.24717036
6898524793121869061.mp4	0	0	0.6129576	0.38704237
6878040583307267333.mp4	1	1	0.36642966	0.6335703
6967056627929304326.mp4	0	0	0.6953122	0.30468783
7105586824223083822.mp4	0	0	0.6734011	0.32659888
6817935632141257989.mp4	1	1	0.32537764	0.67462236
6793033398706277637.mp4	0	0	0.83660597	0.16339399
7125562649277992238.mp4	1	1	0.31664413	0.68335587
6960746868661964038.mp4	0	0	0.8219193	0.1780807
7019204716429151515.mp4	0	0	0.77154446	0.2284555
6889902488212737281.mp4	0	0	0.8596798	0.14032015
6915598623971593478.mp4	0	0	0.6542268	0.34577325
6872831924063292678.mp4	0	0	0.5756368	0.42436323
6989324712656555269.mp4	1	1	0.33432505	0.6656749
6901034804662308097.mp4	0	0	0.6111047	0.38889527
7047247906906361134.mp4	0	0	0.71700716	0.2829928
6854402335272094981.mp4	1	1	0.46329358	0.53670645
6957865976893312262.mp4	0	0	0.60132074	0.39867932
6934922064394587398.mp4	0	0	0.6376456	0.36235443
6863510213161405702.mp4	0	0	0.59752214	0.40247786
7113307992346365190.mp4	0	0	0.55679303	0.44320703
7014565389002607877.mp4	1	1	0.23218301	0.767817
6895550143379115269.mp4	0	0	0.65785015	0.3421498
7027869709366217989.mp4	0	0	0.5443093	0.45569065
6998104148394790145.mp4	0	0	0.69681615	0.30318385
7086902121072839941.mp4	0	0	0.7409606	0.2590394
7044276361988607278.mp4	1	0	0.5409279	0.4590721
7134691379866864901.mp4	0	0	0.7806638	0.2193362
6803837437287173382.mp4	0	1	0.41266656	0.58733344
7095489710986087685.mp4	0	0	0.5654975	0.4345025
6961695133238693125.mp4	0	1	0.438937	0.561063
6828690308549643526.mp4	0	0	0.6558889	0.34411108
7023709117659286790.mp4	1	1	0.23979528	0.7602047
7056362059893591298.mp4	0	0	0.74375355	0.25624645
7100897191627099397.mp4	1	1	0.18262425	0.8173758
7038425758628564271.mp4	1	1	0.33948326	0.66051674
7116606100115393798.mp4	1	1	0.24498153	0.7550184
6857220625258351877.mp4	0	0	0.6656371	0.33436292
7107013371660160298.mp4	0	0	0.6031613	0.39683875
6956932730659572997.mp4	0	0	0.709589	0.29041103
6972956379841678593.mp4	0	0	0.5619934	0.43800655
7067929534883990830.mp4	0	0	0.68106544	0.31893453
6904752300603002117.mp4	0	0	0.5917319	0.40826812
7000810036326878470.mp4	1	1	0.31870952	0.68129045
6768308766598286598.mp4	1	1	0.42476538	0.5752346
6984367789788253446.mp4	1	1	0.41825062	0.5817494
6941524281457265926.mp4	1	1	0.27709794	0.7229021
6816131905885408518.mp4	0	0	0.65827405	0.34172595
7039482517522763055.mp4	0	0	0.71769166	0.28230837
7138375471149927685.mp4	1	0	0.5091282	0.49087182
6911522158288080134.mp4	1	1	0.26730168	0.7326984
7049740942215220527.mp4	0	0	0.5138675	0.4861325
7141833238292581634.mp4	1	1	0.14934607	0.85065395
6891004230665014533.mp4	0	0	0.7381628	0.2618372
6896611288697408773.mp4	0	0	0.5609652	0.43903488
6925821019433225478.mp4	1	1	0.33484638	0.6651537
6962316625039133957.mp4	1	0	0.5309139	0.46908608
6945634615730179333.mp4	1	1	0.21182865	0.7881713
7037551578865339653.mp4	1	1	0.31053963	0.6894604
7015640690453466374.mp4	0	0	0.58007705	0.41992295
6956572254360669446.mp4	1	1	0.35909298	0.64090705
6914384218617335045.mp4	1	1	0.3092327	0.6907673
7140986292007013678.mp4	0	0	0.6725649	0.32743505
6908127730466934022.mp4	0	0	0.7448749	0.25512514
7041569616254012677.mp4	0	0	0.6739895	0.32601047
7124422632522517803.mp4	1	1	0.34694982	0.6530501
6924104856286268677.mp4	0	0	0.71672654	0.28327346
6864469719181790469.mp4	0	0	0.62336075	0.37663928
6933674048585010437.mp4	0	0	0.7480486	0.25195146
6966583085177605381.mp4	1	1	0.312473	0.68752694
6766038594621623557.mp4	1	1	0.3325062	0.66749376
6961855312857025797.mp4	0	0	0.74604887	0.2539511
7084308388884057350.mp4	0	0	0.70030046	0.2996995
7030162689108249861.mp4	1	1	0.18508774	0.81491226
6984839057603841286.mp4	0	0	0.7308266	0.2691734
7091469048088694062.mp4	1	0	0.5060339	0.49396613
6924423271496649989.mp4	1	1	0.44506598	0.554934
7103191817792884014.mp4	0	0	0.5885324	0.4114676
6967124957029551366.mp4	1	1	0.37713507	0.62286496
7039553244821081349.mp4	1	1	0.3183073	0.68169266
7096674341609278763.mp4	1	1	0.44708207	0.5529179
6889521071842938114.mp4	0	0	0.6951644	0.3048356
6975020314237390086.mp4	1	1	0.32729605	0.672704
6974826912141069573.mp4	0	0	0.7799147	0.22008528
6869100546947566854.mp4	1	1	0.36730808	0.6326919
7116934605390974254.mp4	1	1	0.32430455	0.6756955
7070343681143754030.mp4	0	0	0.6123566	0.38764346
7116141130684599598.mp4	0	0	0.7353165	0.26468349
6987191713253117190.mp4	0	1	0.32414907	0.6758509
7088297406810311941.mp4	1	1	0.41716892	0.58283114
6974785978963627269.mp4	0	0	0.6490994	0.3509006
7133160071940394245.mp4	1	1	0.43697384	0.5630262
6982190863724170502.mp4	1	1	0.2854761	0.7145239
7055663645816180014.mp4	0	1	0.4140619	0.5859381
7036263625375468801.mp4	1	1	0.3019558	0.6980442
6898097312975932677.mp4	1	1	0.17782854	0.82217145
7047491109685169413.mp4	1	1	0.218622	0.78137803
7089545232370486570.mp4	1	1	0.36793083	0.6320692
6952216063283055877.mp4	1	1	0.38783512	0.61216486
6893622432842730758.mp4	1	1	0.31284505	0.687155
7056124296086801670.mp4	0	0	0.7016998	0.29830015
6983019572974734598.mp4	0	0	0.7102873	0.2897127
6911111891586649350.mp4	0	0	0.61663693	0.3833631
7144366541058903338.mp4	0	0	0.5158454	0.48415455
6917830289716743430.mp4	1	1	0.371206	0.628794
7089211654445092139.mp4	0	0	0.6574857	0.34251428
6924117570580794629.mp4	0	0	0.61322844	0.38677156
6898413727767383301.mp4	1	1	0.36477375	0.6352262
7052572943271857454.mp4	0	0	0.68562686	0.31437314
6962759769891278082.mp4	0	0	0.7236441	0.2763559
6896630856392232198.mp4	1	1	0.2631687	0.7368313
6903224967102582022.mp4	1	0	0.5491703	0.45082974
6829375073393184006.mp4	1	1	0.40195355	0.5980465
7030782797128224005.mp4	0	0	0.5401001	0.45989987
7071293106141957382.mp4	0	0	0.61606896	0.3839311
6962382682248482053.mp4	0	0	0.5500703	0.44992974
6959010754309655813.mp4	1	1	0.35751316	0.6424869
7115081394304404779.mp4	0	1	0.49220884	0.50779116
7026363074940521734.mp4	0	0	0.73191845	0.26808155
6810392499144740101.mp4	0	0	0.65107864	0.3489213
7037697738661825798.mp4	0	0	0.78363574	0.21636428
7099968753181543726.mp4	1	1	0.3112983	0.6887017
7058005271284845871.mp4	0	0	0.6910881	0.30891195
6951054181834706182.mp4	0	0	0.5383486	0.46165138
6965586164887702790.mp4	1	1	0.43577954	0.5642204
6892168391939886342.mp4	0	0	0.7511531	0.24884689
6947214524235713794.mp4	0	0	0.660116	0.33988395
6993270591373528325.mp4	1	1	0.47620976	0.5237902
6913316057935514885.mp4	1	1	0.25022542	0.74977463
6881378887452970242.mp4	1	1	0.4631802	0.5368198
6924799416117267718.mp4	0	0	0.66252375	0.33747622
7057578862066093358.mp4	0	0	0.6239202	0.37607986
7134215563517201707.mp4	0	1	0.47017196	0.529828
7055930076533148955.mp4	1	1	0.23693047	0.7630695
7099824919382330629.mp4	1	1	0.3761395	0.6238605
6991783325190966533.mp4	1	1	0.18889631	0.8111037
7022340756807650565.mp4	0	0	0.76411504	0.23588492
6838632818923277573.mp4	0	1	0.36240005	0.63759995
7103288292765912366.mp4	0	0	0.5156393	0.4843607
7003690818603093254.mp4	1	1	0.359259	0.640741
7136115124112493830.mp4	1	1	0.4781964	0.5218036
7010140169827306757.mp4	1	1	0.29096273	0.70903724
7118761621161331974.mp4	0	0	0.65348166	0.3465184
7060020436330958081.mp4	1	1	0.32688358	0.67311645
7085390656780127494.mp4	0	1	0.44532868	0.5546713
6912007927343762689.mp4	1	1	0.40151748	0.5984825
6947429811841256710.mp4	0	0	0.79045314	0.20954685
6983408743987875078.mp4	0	0	0.68209416	0.31790587
7010083617778978049.mp4	1	1	0.27120754	0.7287924
7103626381828852998.mp4	0	1	0.41296127	0.58703876
6922123668223003909.mp4	0	0	0.6355327	0.36446732
7014184212785892614.mp4	1	1	0.38918087	0.6108191
7042776568845897007.mp4	0	0	0.6996675	0.3003325
6948388420251077893.mp4	1	1	0.1928783	0.8071217
6934322858030075141.mp4	0	0	0.70932925	0.29067072
6865653391859780870.mp4	0	1	0.4128839	0.5871161
6968116509742730502.mp4	1	1	0.39710042	0.6028996
7136048630967897350.mp4	0	0	0.6506498	0.34935024
7115746083317239066.mp4	1	1	0.36198518	0.63801485
7124066168561831211.mp4	0	0	0.6530783	0.34692174
7047855676806139141.mp4	0	0	0.58903736	0.4109626
7099727755159375109.mp4	1	1	0.4797706	0.52022934
7090478857802747178.mp4	0	0	0.6962242	0.30377576
6959585575091604742.mp4	1	1	0.46398237	0.5360176
7038694670834224389.mp4	1	1	0.33271194	0.66728806
7026869904078949638.mp4	1	1	0.27630404	0.723696
7067285853734980910.mp4	0	0	0.5594247	0.44057533
7009777725707783430.mp4	0	0	0.706292	0.29370803
7135475454768631045.mp4	0	0	0.73719347	0.26280653
7125773888654478598.mp4	0	0	0.7475907	0.25240922
7133253657574788358.mp4	0	0	0.6847005	0.31529948
7022509769390836993.mp4	0	0	0.6516137	0.34838632
6892201824372247809.mp4	1	1	0.27667877	0.7233212
7052071915871063302.mp4	1	1	0.43101847	0.5689816
6979627558358781190.mp4	1	1	0.24922225	0.7507778
6983823908126379266.mp4	1	1	0.13332929	0.8666707
6974197940147571974.mp4	1	1	0.3630815	0.6369185
6828214342043831558.mp4	0	0	0.739806	0.260194
6884942741575339266.mp4	1	0	0.52872497	0.47127503
6912840520943389954.mp4	0	0	0.8419002	0.15809974
7141485168707046662.mp4	1	1	0.30546364	0.6945363
6974471148062936325.mp4	0	0	0.6759688	0.32403117
7121744923082313006.mp4	0	1	0.4506928	0.5493072
6831188025758731526.mp4	1	1	0.47433218	0.5256678
6821391213699124486.mp4	0	0	0.84285474	0.15714529
6941848941067603206.mp4	0	0	0.6640245	0.33597553
7124638651597753605.mp4	1	0	0.5302628	0.4697372
6764242002881121542.mp4	0	0	0.6419955	0.35800454
6967818880995560710.mp4	0	0	0.6050749	0.3949251
7047184533287963950.mp4	0	1	0.38573837	0.61426157
6965124880673099013.mp4	1	1	0.4975746	0.5024254
7084069820978695470.mp4	0	1	0.4530902	0.5469098
6928441842862165254.mp4	0	0	0.55967474	0.44032523
7050112384371002671.mp4	1	1	0.41503677	0.58496326
7076635675797376298.mp4	0	1	0.43646163	0.5635384
7046811491068185903.mp4	1	1	0.3944461	0.60555387
6906385040255618305.mp4	0	0	0.77718055	0.22281943
7125549616447147270.mp4	1	1	0.43680882	0.56319124
7074930560870780186.mp4	1	1	0.33023164	0.6697684
6866413553855843586.mp4	1	1	0.30511576	0.69488424
6989026247544147206.mp4	1	1	0.47709778	0.5229022
6873128504850976006.mp4	0	1	0.43889225	0.56110775
6920276326360321286.mp4	1	1	0.39264536	0.6073547
7069520666973719851.mp4	0	0	0.5393923	0.46060774
6954397180337655045.mp4	0	0	0.65369594	0.34630406
6925626617846926597.mp4	0	0	0.6991699	0.3008301
7021235848553188614.mp4	0	0	0.7662446	0.23375542
6961142391147351302.mp4	1	1	0.3323752	0.6676248
7052491686819401007.mp4	1	1	0.24736993	0.7526301
6814244764108541190.mp4	0	1	0.4271897	0.57281023
6935226315855432965.mp4	0	0	0.66545135	0.33454865
7139012247875112235.mp4	1	1	0.29318509	0.7068149
6963741932384210181.mp4	0	1	0.47128966	0.5287103
6920268474912640262.mp4	0	1	0.41184464	0.5881553
7015686110282075398.mp4	0	0	0.57961166	0.4203883
6950614444946771205.mp4	1	1	0.23704772	0.7629523
7139286630795463979.mp4	1	1	0.2983691	0.70163083
6876237829119249666.mp4	1	1	0.23703651	0.7629635
6855638771388419334.mp4	1	1	0.25388512	0.74611485
6833901238908701957.mp4	1	1	0.27576894	0.7242311
6957031758151863557.mp4	0	0	0.6433854	0.35661462
7116551346769104170.mp4	1	1	0.32035887	0.6796411
6974044311251930373.mp4	1	1	0.3306423	0.66935766
7059543723176119598.mp4	0	0	0.50138277	0.4986172
7029878726787599662.mp4	0	1	0.40066645	0.5993335
7004956639262543109.mp4	1	1	0.28266025	0.7173397
6900517393177513222.mp4	0	0	0.64678836	0.3532116
6739312750398409990.mp4	1	1	0.39800155	0.6019985
7047716376060103983.mp4	0	1	0.44324222	0.55675775
6942246705358310661.mp4	0	0	0.5676459	0.43235406
7000728684323687686.mp4	1	1	0.2728351	0.7271649
6950652728586685702.mp4	0	0	0.6551094	0.34489062
6939469935768816902.mp4	1	1	0.34070194	0.65929806
6985641720947985669.mp4	0	1	0.28392184	0.71607816
6817559737442290949.mp4	1	1	0.26096672	0.7390332
6986722777449434374.mp4	0	0	0.6702408	0.32975915
7036899121772465413.mp4	0	0	0.72393054	0.27606946
7045332013565381894.mp4	0	0	0.7975492	0.20245086
7135086899969936646.mp4	1	1	0.2936175	0.7063826
7017130531305360645.mp4	1	1	0.20355754	0.79644245
6850255790058605829.mp4	0	0	0.69250804	0.307492
7042114078965353733.mp4	0	0	0.6267966	0.37320343
6922483566664371461.mp4	1	1	0.33798358	0.66201645
6889598401613139205.mp4	0	0	0.7419904	0.25800964
6923294237580610822.mp4	0	0	0.69107586	0.30892417
6830894209424166150.mp4	1	1	0.40338948	0.59661055
7088713277949234437.mp4	1	1	0.27326024	0.7267398
6954112989540650246.mp4	0	0	0.62129784	0.3787022
7014373918865706246.mp4	1	1	0.2529169	0.74708307
6963323211740155141.mp4	1	1	0.20676005	0.79324
7125542687880613125.mp4	0	1	0.4932647	0.5067353
6831212914658135301.mp4	1	1	0.38576922	0.6142308
6968488379789036806.mp4	1	1	0.33928296	0.66071707
7113363777051053354.mp4	0	0	0.6857538	0.31424615
6903060849632611585.mp4	0	0	0.6772665	0.32273346
6854992586470509830.mp4	1	1	0.28319842	0.7168015
6921039022861077766.mp4	0	0	0.717554	0.28244603
7051892384329633030.mp4	0	1	0.4610011	0.5389989
7056914714017664302.mp4	1	1	0.29559258	0.70440745
6989299791121403141.mp4	0	0	0.5937417	0.40625829
7127404905265908997.mp4	0	0	0.69328105	0.30671892
6912450015705238786.mp4	0	0	0.67616755	0.32383248
7036647085478841606.mp4	1	1	0.33034104	0.66965896
6794883578778946822.mp4	0	0	0.8253839	0.17461608
6956683592042941701.mp4	0	0	0.7445447	0.25545534
6922190046648945925.mp4	0	0	0.6460133	0.35398665
6954113509219126533.mp4	1	1	0.4180443	0.58195573
6961504360136232198.mp4	0	0	0.6546311	0.34536895
6935039587190344965.mp4	1	1	0.37669858	0.62330145
7107695311564459306.mp4	0	0	0.73477024	0.26522976
7025324608630852870.mp4	0	0	0.5104238	0.48957616
7131104517038345518.mp4	1	1	0.36765805	0.632342
6866161073779723525.mp4	1	1	0.27219725	0.72780275
6978836546979958021.mp4	1	1	0.45150352	0.5484964
7081338562079116586.mp4	0	0	0.632511	0.367489
6871277369211014405.mp4	0	0	0.53192824	0.46807176
7034622929124019462.mp4	0	0	0.55144405	0.44855598
6957731202300202245.mp4	0	0	0.68368804	0.31631196
6869551964682816773.mp4	1	1	0.34646168	0.65353835
6966599485824814341.mp4	0	0	0.8260788	0.17392124
7031652416638471425.mp4	0	0	0.74487865	0.25512135
6863537738029845762.mp4	1	1	0.3192225	0.68077755
7010984675262860550.mp4	0	0	0.70865613	0.2913438
7112111281145924869.mp4	1	1	0.27290982	0.7270902
6977897776399027461.mp4	1	1	0.48846632	0.5115337
7059453150226435375.mp4	1	1	0.40578908	0.59421086
7019078851644886277.mp4	0	0	0.70903176	0.29096824
6967548068199730437.mp4	1	0	0.56927824	0.43072176
7116650352660729093.mp4	0	0	0.8012176	0.1987824
7024204483748023557.mp4	1	1	0.2592998	0.74070024
6971951285545258246.mp4	0	0	0.5322869	0.4677131
6934901657767595270.mp4	0	0	0.65951526	0.3404848
6927014177554959621.mp4	1	1	0.36583456	0.6341654
6964741888352029958.mp4	0	0	0.69082	0.30918002
7122525478585437486.mp4	0	0	0.59546995	0.40453008
6911964800297782529.mp4	0	0	0.5672685	0.43273145
6939980533044759813.mp4	0	0	0.69466126	0.30533874
6930267804415347973.mp4	1	1	0.3982311	0.6017689
6938076074215542021.mp4	1	1	0.2674855	0.7325145
6948077712376401158.mp4	0	0	0.7056709	0.29432914
6925172825091263749.mp4	0	0	0.72836125	0.2716387
7061723251768036654.mp4	1	1	0.3276754	0.6723246
7017599981477481734.mp4	1	1	0.37274694	0.62725306
7090993471183539498.mp4	0	0	0.5509545	0.44904548
6998201254501420294.mp4	0	0	0.75310344	0.24689661
7082086675517541678.mp4	1	1	0.40726036	0.59273964
7121382829295963438.mp4	1	1	0.31677845	0.6832216
6963507602416209153.mp4	0	0	0.63463795	0.365362
6928165025538379013.mp4	1	1	0.3717433	0.62825674
6935218591516216582.mp4	1	1	0.4114692	0.58853084
6989661896664157445.mp4	1	1	0.37885103	0.62114894
6983688173079596293.mp4	1	1	0.34945166	0.6505484
7043429419641343238.mp4	0	0	0.65659314	0.3434069
7105295175122947333.mp4	1	1	0.48802415	0.5119758
6984518089740176645.mp4	0	0	0.7521519	0.2478481
6862490918713330949.mp4	1	1	0.27195108	0.728049
6905836357629824262.mp4	0	0	0.7410021	0.25899795
7132871725234097454.mp4	1	1	0.42348647	0.57651347
7136981173691010350.mp4	1	1	0.47083738	0.52916265
6993507751200656646.mp4	0	0	0.724906	0.275094
7016428012904172806.mp4	0	0	0.6901082	0.30989182
6931103601624403205.mp4	1	1	0.29678744	0.70321256
7020605795796520197.mp4	0	0	0.76111054	0.23888946
7043845930432466182.mp4	1	1	0.41582114	0.5841788
6942202109030976774.mp4	1	1	0.41830993	0.5816901
7102184257518505262.mp4	0	0	0.6235759	0.3764241
6989238474301918469.mp4	0	0	0.6615149	0.33848515
6816354021587078406.mp4	1	1	0.3562322	0.6437678
6912436201865760006.mp4	1	1	0.39031428	0.60968566
6851707943579028741.mp4	0	1	0.49792078	0.5020792
6972310109175303430.mp4	1	1	0.39681208	0.6031879
7102345579862314267.mp4	0	0	0.7233805	0.2766195
6918821818841238786.mp4	0	0	0.7474375	0.25256255
7115146553022631174.mp4	0	1	0.44919628	0.5508038
6922184169908915462.mp4	0	1	0.454073	0.545927
6984944914136091909.mp4	1	0	0.7712714	0.22872855
7051661563433995526.mp4	1	1	0.37721753	0.62278247
7038258256552201477.mp4	0	1	0.49760064	0.5023994
6903663296285527301.mp4	1	0	0.5655061	0.43449393
7067189252848651567.mp4	0	1	0.36699098	0.633009
7120622496507792646.mp4	0	0	0.6103968	0.3896032
6966707261297216774.mp4	1	1	0.2664734	0.7335266
7101465072320384261.mp4	0	0	0.50220716	0.49779287
7029832899063041285.mp4	0	1	0.44381964	0.55618036
7089017351651511598.mp4	0	1	0.4580151	0.5419849
6941467782559124741.mp4	1	0	0.65776086	0.3422391
6800566129891740934.mp4	1	1	0.37417054	0.62582946
6974901665988152582.mp4	1	0	0.52263796	0.47736207
6762263583163272454.mp4	0	0	0.5928623	0.40713772
6903674386214112513.mp4	1	1	0.19210567	0.8078943
6972535774092741893.mp4	0	1	0.37790018	0.6220998
6961557595891043589.mp4	0	1	0.47545207	0.52454793
6940371910899354885.mp4	0	0	0.59264886	0.40735114
6951557320098745606.mp4	0	0	0.5682437	0.4317563
6992243727922236677.mp4	1	0	0.58922756	0.41077238
7123110127862959366.mp4	0	1	0.36637574	0.6336242
6971477903871642886.mp4	1	1	0.39919597	0.6008041
6963930431695686914.mp4	1	1	0.37364957	0.6263504
7039468841742732590.mp4	1	1	0.44997844	0.5500215
7088044034777746694.mp4	1	1	0.3502754	0.6497246
7014892556433542406.mp4	0	1	0.4544283	0.5455717
7038717563152485637.mp4	0	0	0.5084487	0.49155128
6911699116003249409.mp4	0	0	0.50532985	0.49467018
7128059958972943622.mp4	1	1	0.3645428	0.63545716
6893239264256036098.mp4	0	1	0.4001547	0.59984523
6880256264350321921.mp4	1	1	0.49970415	0.5002958
7110380917281082666.mp4	1	1	0.43822554	0.5617745
7008933776654978309.mp4	0	0	0.53103864	0.4689614
6915531931568327941.mp4	0	0	0.63295114	0.3670488
7010379201257803014.mp4	1	0	0.5127208	0.4872792
6874295688268647685.mp4	0	1	0.38009468	0.61990535
6983654408970161413.mp4	1	0	0.5425582	0.45744184
7100689966681951494.mp4	1	0	0.6167086	0.38329148
6979585192906198278.mp4	0	0	0.59073156	0.40926844
6931054447212629253.mp4	0	1	0.39042857	0.60957146
6605282293726579974.mp4	0	0	0.58540684	0.41459316
6881711260971437318.mp4	1	1	0.38669595	0.613304
6915543949113330950.mp4	1	1	0.45319575	0.54680425
6867321629605694725.mp4	0	1	0.49671623	0.50328374
7144461813860650241.mp4	0	0	0.59658605	0.403414
6991833808140078341.mp4	1	0	0.57467777	0.4253222
7079952137555479854.mp4	1	0	0.6116619	0.3883381
6836765092143533318.mp4	0	0	0.59554917	0.4044508
7090308575213440298.mp4	1	1	0.49179333	0.5082066
6974564257811795206.mp4	0	1	0.38424528	0.6157547
6991916811226713350.mp4	0	0	0.6206039	0.37939602
6879180537353784581.mp4	0	1	0.43926826	0.56073177
6931508525692620038.mp4	1	1	0.35429564	0.6457043
6990852592385412357.mp4	1	0	0.6593651	0.34063482
6998299108708568326.mp4	1	0	0.5168761	0.48312387
7006316892415675653.mp4	1	0	0.50058097	0.49941897
7055338925702991150.mp4	1	1	0.4728825	0.5271175
7008328365392284934.mp4	1	0	0.518839	0.48116094
7020259982453067014.mp4	0	1	0.35298407	0.6470159
6928354331708148998.mp4	1	0	0.5258087	0.47419134
7099165776711601413.mp4	1	0	0.5339276	0.46607244
7048704702967483653.mp4	1	0	0.7217502	0.27824977
6759270591502552326.mp4	1	0	0.53500056	0.4649994
6905427484095958278.mp4	0	0	0.5432793	0.45672074
6824676160945818886.mp4	0	0	0.5440186	0.45598137
6947835821193989381.mp4	0	0	0.53763795	0.46236205
7095843169924844843.mp4	0	0	0.5165485	0.48345155
7092022485645888811.mp4	1	0	0.5287738	0.47122622
6862064363990256902.mp4	0	0	0.52752745	0.4724725
7059479933772467462.mp4	1	0	0.69510525	0.30489472
7109643072702778670.mp4	1	1	0.47880292	0.521197
7144087476494224645.mp4	0	0	0.6317163	0.36828366
7089488599179119877.mp4	0	0	0.59360224	0.40639776
6964406971307003142.mp4	1	0	0.55203754	0.44796246
6847989410835746053.mp4	0	0	0.5850936	0.41490635
7112079495154191659.mp4	0	1	0.4400731	0.55992687
6911405589818117382.mp4	1	0	0.62319225	0.37680778
7015017910733147397.mp4	1	1	0.4439347	0.55606526
6994831286594587909.mp4	1	1	0.47859216	0.5214078
7010026421535919365.mp4	0	0	0.58312225	0.4168777
7026412160989334830.mp4	0	1	0.37162152	0.6283785
6991263720550829318.mp4	0	0	0.5512208	0.4487792
6942593651692342533.mp4	0	0	0.5741223	0.42587772
7070804261596089601.mp4	0	1	0.44253343	0.5574666
7126272062443769134.mp4	1	0	0.5104648	0.48953515
6801556647903857922.mp4	0	1	0.48144215	0.51855785
7070675711492738347.mp4	1	1	0.3563361	0.64366394
7103752864304024875.mp4	0	1	0.33180022	0.6681998
6996045788866432262.mp4	0	1	0.3858151	0.61418486
7135609214642212138.mp4	0	0	0.54680127	0.4531988
6948512013505072390.mp4	0	1	0.35475305	0.645247
7008579829981302022.mp4	1	1	0.40597582	0.5940242
6895861625769708806.mp4	1	1	0.29118678	0.7088132
6840769050738576646.mp4	0	0	0.6339591	0.36604083
7072874507953786155.mp4	0	0	0.50743747	0.4925625
6905839769801018629.mp4	1	1	0.4776554	0.5223445
7140119672996810026.mp4	0	1	0.46601543	0.53398454
6912125828750904581.mp4	1	1	0.36373642	0.6362636
6912109283781954817.mp4	0	0	0.56466085	0.4353392
7040102893025922350.mp4	1	1	0.46005628	0.53994375
6854097212897496326.mp4	0	1	0.49959153	0.50040853
6967091366211915014.mp4	1	1	0.49547994	0.50452
7053536086726872366.mp4	0	0	0.50230783	0.4976922
6920517791011523841.mp4	1	0	0.58220804	0.41779193
7124854158783548715.mp4	0	0	0.6597466	0.34025344
6927763227686276357.mp4	1	1	0.4639781	0.53602195
6751959446093647110.mp4	0	0	0.50871146	0.49128857
6938863068973665542.mp4	0	1	0.4294273	0.57057273
7096626231273196806.mp4	1	0	0.5554905	0.4445095
6794928338449222917.mp4	1	1	0.33173925	0.6682607
7089554189927419178.mp4	1	1	0.43793276	0.5620673
6980496663395798278.mp4	0	1	0.4887816	0.51121837
7103593326057770245.mp4	0	0	0.5276904	0.47230962
6826077939562581253.mp4	1	0	0.57131517	0.42868483
6895617833875557634.mp4	1	0	0.519331	0.48066902
6767774492820262149.mp4	0	0	0.6082213	0.3917787
7101165195942481198.mp4	0	0	0.52333754	0.47666246
6989601302284176646.mp4	0	0	0.56993216	0.4300678
7070516603447708970.mp4	1	1	0.48820004	0.51179993
6839031011523775749.mp4	0	0	0.5591436	0.44085634
6966293903527922949.mp4	1	1	0.46026725	0.5397327
6909291293541731589.mp4	0	1	0.4481642	0.55183583
7019792444208286982.mp4	1	1	0.44842952	0.5515705
6946699608449895685.mp4	0	1	0.48815772	0.51184225
6942525630063840518.mp4	0	1	0.47622752	0.5237725
6934047796957924614.mp4	1	0	0.7076783	0.29232168
6879944273245064453.mp4	0	0	0.6204155	0.37958455
7130659376116927749.mp4	1	1	0.30517742	0.6948226
6846098158028705029.mp4	0	1	0.48937237	0.5106276
6902472062758128901.mp4	0	0	0.59645003	0.40354997
7137683327980522794.mp4	0	1	0.39161867	0.6083814
6940709342920314117.mp4	1	1	0.4756017	0.5243983
6995844042399485185.mp4	0	0	0.6393177	0.36068225
6968677522020060421.mp4	0	1	0.4358166	0.56418335
7136505778298572038.mp4	1	1	0.37561974	0.6243803
6779898374532402437.mp4	0	0	0.54113734	0.45886263
7119237019338837291.mp4	0	0	0.5794053	0.42059466
7008689569151356166.mp4	1	1	0.4979996	0.50200045
6819083226200460549.mp4	0	0	0.6389805	0.3610195
6906622203270352129.mp4	1	0	0.5718278	0.42817214
6915484257368542469.mp4	0	1	0.41321352	0.5867865
7081807690246245674.mp4	0	0	0.5198057	0.48019424
6991488152867212549.mp4	0	0	0.51008016	0.4899198
7138009274143329542.mp4	1	0	0.6368067	0.3631933
7066159482082053423.mp4	0	1	0.48666742	0.5133326
7063679805903932718.mp4	1	0	0.618595	0.381405
7099243313970269486.mp4	0	1	0.48387805	0.5161219
6916989063803276550.mp4	0	0	0.68022865	0.31977135
7122888737092078854.mp4	0	1	0.47838813	0.52161187
7099164861405515054.mp4	0	0	0.71540034	0.2845996
7122034718354181381.mp4	0	0	0.5414658	0.45853418
6907720231649561857.mp4	0	0	0.53972566	0.46027434
6872501310571154694.mp4	1	1	0.469644	0.530356
6881196711679773953.mp4	0	1	0.41826397	0.581736
6630477888766348549.mp4	0	1	0.46594444	0.53405553
6919548219580075269.mp4	0	0	0.5712197	0.42878032
6933323511255665926.mp4	0	1	0.38123378	0.6187662
7043564051896618287.mp4	0	0	0.6190638	0.3809362
6978303589928291589.mp4	0	0	0.6048814	0.3951186
6893778235138657542.mp4	1	1	0.37976342	0.6202366
7042842430135225605.mp4	1	1	0.42841253	0.57158744
6964090906064604421.mp4	1	1	0.41020262	0.5897974
6971946065121627397.mp4	0	1	0.4869284	0.5130716
6939995392784321798.mp4	1	1	0.40366408	0.59633595
7133641982978575658.mp4	0	0	0.54385453	0.45614544
6876478570173189381.mp4	1	0	0.6313029	0.36869705
6924322844486782213.mp4	0	1	0.3676103	0.63238966
7010051378345250053.mp4	0	0	0.67840683	0.32159314
7085056784284634410.mp4	1	0	0.5136779	0.4863221
6867735594638839045.mp4	1	0	0.623324	0.37667602
7037291381898923269.mp4	1	0	0.57228893	0.42771104
6806915926701640966.mp4	0	0	0.5200407	0.47995934
7063863544290315526.mp4	0	0	0.51670086	0.48329914
7059359702295121157.mp4	1	1	0.39155427	0.60844576
7139995819008118058.mp4	0	0	0.6306166	0.3693834
7106201269424901381.mp4	1	0	0.60762954	0.3923705
7105204899524218113.mp4	0	1	0.49745765	0.5025423
7129656016693857582.mp4	0	0	0.50251454	0.4974855
6961882295355591941.mp4	1	1	0.37776372	0.6222363
6971459137418890501.mp4	0	0	0.64779556	0.35220438
6847666936076111110.mp4	1	0	0.56236434	0.4376356
6921493004075273477.mp4	0	0	0.59884095	0.40115905
6869921724389936390.mp4	1	0	0.6779202	0.32207975
7126582561572261166.mp4	1	1	0.32768133	0.67231864
6945119895990455558.mp4	0	0	0.745318	0.25468194
7056092909204196655.mp4	0	1	0.44610015	0.5538999
7057336656453602607.mp4	1	1	0.39473	0.60527
6878835838336240902.mp4	0	0	0.572985	0.42701504
6987901203166416134.mp4	1	0	0.6756101	0.3243899
6993470917552655622.mp4	0	1	0.48868495	0.51131505
6843454540134501638.mp4	0	0	0.5140032	0.48599675
6925645037749554438.mp4	0	1	0.481085	0.51891494
6915128308975815941.mp4	0	1	0.4493686	0.55063146
6910747250536893701.mp4	1	0	0.73576343	0.26423657
6998726239087250693.mp4	0	0	0.66858333	0.3314167
6898724802001997057.mp4	1	1	0.4095762	0.5904238
6977700217835638021.mp4	1	1	0.28251088	0.7174891
6841534512518761733.mp4	0	0	0.58808386	0.4119161
6968879094008139013.mp4	1	0	0.5469765	0.45302352
7065908468108201263.mp4	0	0	0.56566167	0.43433833
6948880353377471749.mp4	0	0	0.60229814	0.39770186
6934687741372386562.mp4	0	1	0.4590095	0.54099053
6894319949213437185.mp4	1	1	0.36606115	0.63393885
7118493644809604358.mp4	1	0	0.51686925	0.48313078
6841665502373252357.mp4	1	1	0.43767217	0.56232786
6920361495712877830.mp4	1	1	0.4248912	0.57510877
7098489953029475590.mp4	0	0	0.6306699	0.36933008
6982855878508678405.mp4	1	1	0.40757948	0.5924205
7052395714101497135.mp4	1	1	0.24098997	0.7590101
6849771983773699333.mp4	0	1	0.45999923	0.54000074
7088414823331024133.mp4	1	1	0.43444484	0.56555516
7110381949952331051.mp4	0	0	0.66415286	0.3358471
7060239738074074414.mp4	1	0	0.55702275	0.44297728
6860122015014128901.mp4	1	0	0.5096219	0.49037808
6864369213260287238.mp4	1	0	0.52303	0.47697005
7099172138640297258.mp4	0	1	0.4624274	0.5375726
6940014702810483973.mp4	1	0	0.6055818	0.3944182
6933636780583439622.mp4	0	0	0.55576473	0.4442353
7023030692821077253.mp4	0	1	0.23241247	0.76758754
6952384373945568517.mp4	1	0	0.7036004	0.29639956
7106951789571886378.mp4	0	0	0.60987395	0.390126
7072726688118967557.mp4	1	0	0.7011126	0.29888737
7036457237673463046.mp4	0	0	0.521447	0.47855294
6802668891404324101.mp4	1	1	0.43726712	0.5627329
6813514785297042694.mp4	0	0	0.55631745	0.44368255
7079748429475351850.mp4	0	0	0.5021821	0.4978179
7128578833871211822.mp4	0	1	0.45422018	0.5457799
6965925608668843269.mp4	1	1	0.3657708	0.63422924
7070677931168910638.mp4	1	0	0.5425903	0.4574097
7139877675119676677.mp4	1	0	0.597434	0.40256602
6938489825125223686.mp4	1	1	0.44579864	0.55420136
7087682135255026986.mp4	1	1	0.3629491	0.6370509
6970029755802340613.mp4	1	1	0.4291766	0.5708234
6927014499299937541.mp4	1	1	0.36315858	0.6368415
7117741899489840390.mp4	1	1	0.34420958	0.65579045
6943761081835752706.mp4	1	1	0.42729294	0.5727071
6944860130466860293.mp4	0	0	0.6281312	0.37186876
7036746619789888773.mp4	1	0	0.56716794	0.43283203
7008164997830397190.mp4	0	0	0.50905275	0.49094725
6971559079286148357.mp4	0	0	0.5535928	0.4464072
6873132689583508738.mp4	0	0	0.5566176	0.44338244
7016135479858842885.mp4	0	1	0.44009432	0.5599057
6942312262099029254.mp4	0	0	0.55415833	0.44584164
7057989869074861359.mp4	0	0	0.62161857	0.3783815
7018620839218220294.mp4	0	1	0.40555766	0.5944423
6819479933753019653.mp4	1	1	0.45512587	0.54487413
7090974933488045355.mp4	0	1	0.35808417	0.64191586
7137075040557813035.mp4	0	0	0.6481323	0.35186765
6940626223265484038.mp4	0	0	0.579065	0.42093495
6941502640220130565.mp4	1	0	0.5053263	0.4946737
6838347581379202309.mp4	1	1	0.49544504	0.5045549
7121032202011282731.mp4	1	1	0.46075833	0.5392417
6984819847947554054.mp4	1	1	0.4544247	0.54557526
6968879158080441605.mp4	0	0	0.62083447	0.37916553
7066831470022855982.mp4	1	1	0.45913312	0.5408669
6998218301491006725.mp4	0	0	0.5257081	0.4742919
7119490646305705262.mp4	0	0	0.6436101	0.35638985
6981860746820996358.mp4	0	0	0.62848514	0.37151486
7136559435689889029.mp4	1	0	0.5607573	0.4392427
6965971923159272709.mp4	0	0	0.56253827	0.43746176
6844357109258194182.mp4	1	1	0.48442468	0.51557535
6881533203593612546.mp4	1	0	0.5194183	0.48058167
6940385380004826374.mp4	1	0	0.5679128	0.43208718
7108416963788967211.mp4	1	0	0.6195433	0.38045666
7061320085096647983.mp4	0	1	0.48303184	0.51696813
7083320529892953386.mp4	1	1	0.4109624	0.5890376
7037579905177013551.mp4	1	1	0.4045234	0.59547657
7141158598947654955.mp4	0	1	0.45784107	0.5421589
6839244977340452101.mp4	1	1	0.3730591	0.62694085
7096144057814109445.mp4	0	0	0.52993876	0.47006124
6954208551694798082.mp4	1	0	0.72934014	0.27065986
7016082700259921157.mp4	1	1	0.39974537	0.6002546
7125419885735316741.mp4	0	0	0.56134856	0.43865144
6939179911286410502.mp4	0	0	0.65967894	0.3403211
6951415173659888901.mp4	1	1	0.40454724	0.5954528
6956219990320205062.mp4	0	0	0.6045029	0.3954971
6920754704351907077.mp4	0	0	0.5658488	0.43415117
6951458270938680581.mp4	0	0	0.501717	0.49828303
6976893324045077765.mp4	0	1	0.44558376	0.55441624
7063214874217991470.mp4	1	1	0.4950946	0.5049054
6938912815763721478.mp4	1	1	0.49545482	0.50454515
6857045906772987141.mp4	0	0	0.5898153	0.41018465
7126458734926171393.mp4	1	0	0.54761624	0.45238373
6989278502436605189.mp4	1	0	0.65581995	0.34418005
6935824164582378758.mp4	1	1	0.40686223	0.59313774
6867548470442462469.mp4	1	1	0.39339462	0.60660535
7143707810822475013.mp4	1	0	0.68653536	0.31346464
6925422011229408518.mp4	1	1	0.23801371	0.7619863
6913226877406596354.mp4	0	0	0.5011141	0.498886
7002281928493649158.mp4	0	0	0.64360327	0.35639673
6941881157663329541.mp4	1	0	0.6382565	0.36174354
7010590601926298886.mp4	0	1	0.41210443	0.5878956
7062848540657093935.mp4	1	1	0.3586814	0.64131856
7044635253872577839.mp4	0	1	0.4268203	0.57317966
7091015580563541253.mp4	0	1	0.47333246	0.52666754
6997963783008210182.mp4	0	0	0.5884032	0.41159683
7102204327808355630.mp4	1	0	0.5198718	0.4801282
7094339285645659435.mp4	0	1	0.34867334	0.65132666
6991132602438601990.mp4	1	1	0.41324958	0.5867504
6836015306863938822.mp4	1	1	0.46607265	0.5339274
7020062973691530501.mp4	0	0	0.6592516	0.3407485
6914678498871282950.mp4	1	0	0.6861168	0.31388322
6983269656563928325.mp4	0	0	0.51729226	0.48270777
6846152682500033798.mp4	0	0	0.6530748	0.3469252
6993735580022525189.mp4	1	1	0.45986	0.54014
6826763397695081734.mp4	1	1	0.48920476	0.51079524
6927464891636911366.mp4	0	0	0.52706736	0.4729326
6912165587368119553.mp4	0	0	0.6124694	0.38753068
7059904200418839813.mp4	0	1	0.4598434	0.5401566
7134731486275652870.mp4	1	0	0.5647188	0.43528125
6994550298630966534.mp4	1	1	0.43367085	0.5663292
6933690666002189573.mp4	1	1	0.48686957	0.5131304
6997483295269276933.mp4	1	0	0.5869372	0.4130628
6919880385199459585.mp4	1	0	0.53219426	0.4678057
7064915586769341702.mp4	0	0	0.57131624	0.4286837
7120297527445818629.mp4	0	1	0.48514032	0.5148597
7081327374557547818.mp4	0	0	0.5511156	0.4488845
7056817960547142958.mp4	1	0	0.5174817	0.4825183
7034349280114625838.mp4	0	0	0.65823776	0.3417622
6940599842779516166.mp4	1	1	0.44090226	0.5590977
7095423419453295877.mp4	0	1	0.3369224	0.6630776
7119936531002903850.mp4	1	1	0.2977322	0.70226777
7098921983701962030.mp4	0	1	0.37705472	0.6229453
7126724996327820590.mp4	1	1	0.40445057	0.59554946
6912674406053514502.mp4	0	1	0.47536436	0.5246356
6982332199714524422.mp4	0	0	0.5340353	0.46596462
6838370225344269574.mp4	0	0	0.5554211	0.4445789
6971676625335323910.mp4	0	0	0.7074521	0.2925479
7052438211183791406.mp4	1	0	0.5226825	0.4773175
6969305849311268102.mp4	0	0	0.5936348	0.40636525
6881788225174686982.mp4	1	0	0.52503514	0.47496483
7014564598024064262.mp4	0	1	0.47851625	0.5214838
7022589464782392581.mp4	1	0	0.54985595	0.45014408
6934372532040584449.mp4	0	1	0.45747352	0.5425265
6940707382729198854.mp4	1	1	0.49417338	0.50582665
6982158543512243457.mp4	0	0	0.5070745	0.49292555
6973835716358917382.mp4	1	0	0.51016665	0.48983335
6868393791875763458.mp4	1	1	0.3902741	0.6097259
6971237718982495493.mp4	1	0	0.5294079	0.47059205
7080582874960907566.mp4	0	0	0.6266696	0.37333035
6941804112702983429.mp4	1	1	0.41580772	0.58419234
7069934858092481838.mp4	0	0	0.5817015	0.41829845
7116186885986487557.mp4	1	0	0.60950136	0.39049864
6910550907159645446.mp4	0	1	0.48925585	0.51074415
6959645604905618693.mp4	1	1	0.25500503	0.744995
6995983647203413253.mp4	1	0	0.63589716	0.36410278
7074730579337432326.mp4	0	1	0.49346995	0.50653
7008645496453598469.mp4	0	0	0.6138793	0.38612074
7091864177022651691.mp4	0	1	0.4261039	0.57389617
6881628998045142274.mp4	1	1	0.36769554	0.63230443
6944662472200686849.mp4	1	0	0.5932702	0.40672985
6968607646542810373.mp4	0	0	0.50652057	0.49347937
6904648422859558149.mp4	1	0	0.53919774	0.4608023
7069324014052723995.mp4	0	0	0.65607125	0.3439288
7066446652373994757.mp4	0	1	0.46409228	0.5359077
7000088905706163462.mp4	1	0	0.6467923	0.35320774
6897324652591385862.mp4	0	0	0.74090165	0.25909832
7109643920874949934.mp4	0	0	0.56632924	0.43367073
6961537846201027846.mp4	0	1	0.45877826	0.54122174
7057516529495100677.mp4	1	1	0.41177127	0.5882287
6850302888527285510.mp4	1	0	0.50696343	0.49303663
6811256592659467526.mp4	1	0	0.56982464	0.43017536
6927077477252680966.mp4	0	0	0.5140057	0.48599428
6944411269520788741.mp4	1	1	0.38484225	0.6151577
7112743972669295878.mp4	1	1	0.40999985	0.59000015
7034145928328121627.mp4	0	0	0.6390887	0.3609113
6896296393443462405.mp4	0	1	0.31131896	0.68868107
7003151677750545670.mp4	1	1	0.307001	0.692999
6969725246924442886.mp4	0	1	0.39916456	0.6008354
6841343332208086277.mp4	0	1	0.41403538	0.58596456
6884705422473841925.mp4	1	1	0.33947077	0.66052926
6912337408335924481.mp4	0	1	0.34236175	0.6576382
7075614074263850245.mp4	1	1	0.49587145	0.5041285
6937702936122379526.mp4	1	1	0.4440163	0.55598366
7127137474299661610.mp4	0	0	0.5516102	0.44838983
6928399897154555141.mp4	0	1	0.46592546	0.5340745
6958259171473083654.mp4	1	1	0.28069463	0.71930534
6987441194473213189.mp4	1	1	0.40961653	0.59038347
7014944407195569413.mp4	0	0	0.711563	0.288437
6974308282064194822.mp4	0	0	0.54087543	0.4591246
6829423721829240070.mp4	1	1	0.38110414	0.6188959
7061318532990111023.mp4	1	1	0.40932038	0.5906796
7030051705999904002.mp4	0	0	0.5248006	0.47519943
7014652808725155078.mp4	1	0	0.57420665	0.42579332
6943386660419718406.mp4	0	1	0.18083148	0.8191685
7119092344711859462.mp4	1	1	0.35754654	0.64245343
7108633528530701594.mp4	0	0	0.661771	0.338229
7095889940986350854.mp4	0	1	0.49273324	0.50726676