[
  {
    "test_case":"EXIST2025",
    "id":"420001",
    "value":{
      "YES":0.980301559,
      "NO":0.0196984559
    }
  },
  {
    "test_case":"EXIST2025",
    "id":"420002",
    "value":{
      "YES":0.9896434546,
      "NO":0.0103564784
    }
  },
  {
    "test_case":"EXIST2025",
    "id":"420003",
    "value":{
      "YES":0.0564351678,
      "NO":0.9435647726
    }
  },
  {
    "test_case":"EXIST2025",
    "id":"420004",
    "value":{
      "YES":0.1264573932,
      "NO":0.8735426068
    }
  },
  {
    "test_case":"EXIST2025",
    "id":"420005",
    "value":{
      "YES":0.0038570976,
      "NO":0.9961429238
    }
  },
  {
    "test_case":"EXIST2025",
    "id":"420006",
    "value":{
      "YES":0.9962987304,
      "NO":0.0037012587
    }
  },
  {
    "test_case":"EXIST2025",
    "id":"420007",
    "value":{
      "YES":0.9960689545,
      "NO":0.0039310222
    }
  },
  {
    "test_case":"EXIST2025",
    "id":"420008",
    "value":{
      "YES":0.3216506541,
      "NO":0.6783493161
    }
  },
  {
    "test_case":"EXIST2025",
    "id":"420009",
    "value":{
      "YES":0.4383407235,
      "NO":0.5616592765
    }
  },
  {
    "test_case":"EXIST2025",
    "id":"420010",
    "value":{
      "YES":0.2747103572,
      "NO":0.7252896428
    }
  },
  {
    "test_case":"EXIST2025",
    "id":"420011",
    "value":{
      "YES":0.0024428638,
      "NO":0.9975571632
    }
  },
  {
    "test_case":"EXIST2025",
    "id":"420012",
    "value":{
      "YES":0.1344320774,
      "NO":0.8655679226
    }
  },
  {
    "test_case":"EXIST2025",
    "id":"420013",
    "value":{
      "YES":0.0861778781,
      "NO":0.9138220549
    }
  },
  {
    "test_case":"EXIST2025",
    "id":"420014",
    "value":{
      "YES":0.0201380476,
      "NO":0.9798619747
    }
  },
  {
    "test_case":"EXIST2025",
    "id":"420015",
    "value":{
      "YES":0.0314560011,
      "NO":0.9685440063
    }
  },
  {
    "test_case":"EXIST2025",
    "id":"420016",
    "value":{
      "YES":0.0046291286,
      "NO":0.9953708053
    }
  },
  {
    "test_case":"EXIST2025",
    "id":"420017",
    "value":{
      "YES":0.3360605836,
      "NO":0.663939476
    }
  },
  {
    "test_case":"EXIST2025",
    "id":"420018",
    "value":{
      "YES":0.9649161696,
      "NO":0.0350838564
    }
  },
  {
    "test_case":"EXIST2025",
    "id":"420019",
    "value":{
      "YES":0.7983937263,
      "NO":0.201606214
    }
  },
  {
    "test_case":"EXIST2025",
    "id":"420020",
    "value":{
      "YES":0.3062718809,
      "NO":0.6937281489
    }
  },
  {
    "test_case":"EXIST2025",
    "id":"420021",
    "value":{
      "YES":0.950325191,
      "NO":0.0496748239
    }
  },
  {
    "test_case":"EXIST2025",
    "id":"420022",
    "value":{
      "YES":0.8187686205,
      "NO":0.1812313646
    }
  },
  {
    "test_case":"EXIST2025",
    "id":"420023",
    "value":{
      "YES":0.0152352722,
      "NO":0.9847646952
    }
  },
  {
    "test_case":"EXIST2025",
    "id":"420024",
    "value":{
      "YES":0.2517620325,
      "NO":0.7482379675
    }
  },
  {
    "test_case":"EXIST2025",
    "id":"420025",
    "value":{
      "YES":0.397128135,
      "NO":0.6028718948
    }
  },
  {
    "test_case":"EXIST2025",
    "id":"420026",
    "value":{
      "YES":0.1169411317,
      "NO":0.883058846
    }
  },
  {
    "test_case":"EXIST2025",
    "id":"420027",
    "value":{
      "YES":0.9933729172,
      "NO":0.0066271066
    }
  },
  {
    "test_case":"EXIST2025",
    "id":"420028",
    "value":{
      "YES":0.0076119071,
      "NO":0.9923881292
    }
  },
  {
    "test_case":"EXIST2025",
    "id":"420029",
    "value":{
      "YES":0.5988266468,
      "NO":0.401173383
    }
  },
  {
    "test_case":"EXIST2025",
    "id":"420030",
    "value":{
      "YES":0.9904547334,
      "NO":0.0095452555
    }
  },
  {
    "test_case":"EXIST2025",
    "id":"420031",
    "value":{
      "YES":0.4564151168,
      "NO":0.5435849428
    }
  },
  {
    "test_case":"EXIST2025",
    "id":"420032",
    "value":{
      "YES":0.0092864372,
      "NO":0.9907135963
    }
  },
  {
    "test_case":"EXIST2025",
    "id":"420033",
    "value":{
      "YES":0.0555125363,
      "NO":0.9444874525
    }
  },
  {
    "test_case":"EXIST2025",
    "id":"420034",
    "value":{
      "YES":0.1376616508,
      "NO":0.8623384237
    }
  },
  {
    "test_case":"EXIST2025",
    "id":"420035",
    "value":{
      "YES":0.0110142194,
      "NO":0.9889857769
    }
  },
  {
    "test_case":"EXIST2025",
    "id":"420036",
    "value":{
      "YES":0.0260368045,
      "NO":0.9739632607
    }
  },
  {
    "test_case":"EXIST2025",
    "id":"420037",
    "value":{
      "YES":0.1806752384,
      "NO":0.8193247318
    }
  },
  {
    "test_case":"EXIST2025",
    "id":"420038",
    "value":{
      "YES":0.9968605042,
      "NO":0.0031394779
    }
  },
  {
    "test_case":"EXIST2025",
    "id":"420039",
    "value":{
      "YES":0.0237090401,
      "NO":0.9762909412
    }
  },
  {
    "test_case":"EXIST2025",
    "id":"420040",
    "value":{
      "YES":0.2724900842,
      "NO":0.7275098562
    }
  },
  {
    "test_case":"EXIST2025",
    "id":"420041",
    "value":{
      "YES":0.4103054404,
      "NO":0.5896945596
    }
  },
  {
    "test_case":"EXIST2025",
    "id":"420042",
    "value":{
      "YES":0.000649976,
      "NO":0.9993500113
    }
  },
  {
    "test_case":"EXIST2025",
    "id":"420043",
    "value":{
      "YES":0.5025862455,
      "NO":0.4974137545
    }
  },
  {
    "test_case":"EXIST2025",
    "id":"420044",
    "value":{
      "YES":0.2786810398,
      "NO":0.7213189602
    }
  },
  {
    "test_case":"EXIST2025",
    "id":"420045",
    "value":{
      "YES":0.9453944564,
      "NO":0.0546054989
    }
  },
  {
    "test_case":"EXIST2025",
    "id":"420046",
    "value":{
      "YES":0.9011029601,
      "NO":0.0988970622
    }
  },
  {
    "test_case":"EXIST2025",
    "id":"420047",
    "value":{
      "YES":0.5540674925,
      "NO":0.4459325075
    }
  },
  {
    "test_case":"EXIST2025",
    "id":"420048",
    "value":{
      "YES":0.9947571754,
      "NO":0.0052428106
    }
  },
  {
    "test_case":"EXIST2025",
    "id":"420049",
    "value":{
      "YES":0.2227075696,
      "NO":0.7772924304
    }
  },
  {
    "test_case":"EXIST2025",
    "id":"420050",
    "value":{
      "YES":0.9965697527,
      "NO":0.0034302194
    }
  },
  {
    "test_case":"EXIST2025",
    "id":"420051",
    "value":{
      "YES":0.0563154034,
      "NO":0.9436846375
    }
  },
  {
    "test_case":"EXIST2025",
    "id":"420052",
    "value":{
      "YES":0.3853169084,
      "NO":0.6146830916
    }
  },
  {
    "test_case":"EXIST2025",
    "id":"420053",
    "value":{
      "YES":0.0164743848,
      "NO":0.9835256338
    }
  },
  {
    "test_case":"EXIST2025",
    "id":"420054",
    "value":{
      "YES":0.0353943631,
      "NO":0.9646056294
    }
  },
  {
    "test_case":"EXIST2025",
    "id":"420055",
    "value":{
      "YES":0.9833933711,
      "NO":0.0166066736
    }
  },
  {
    "test_case":"EXIST2025",
    "id":"420056",
    "value":{
      "YES":0.0911233276,
      "NO":0.9088766575
    }
  },
  {
    "test_case":"EXIST2025",
    "id":"420057",
    "value":{
      "YES":0.9975647926,
      "NO":0.0024352064
    }
  },
  {
    "test_case":"EXIST2025",
    "id":"420058",
    "value":{
      "YES":0.9959380627,
      "NO":0.0040619541
    }
  },
  {
    "test_case":"EXIST2025",
    "id":"420059",
    "value":{
      "YES":0.0809327886,
      "NO":0.9190672636
    }
  },
  {
    "test_case":"EXIST2025",
    "id":"420060",
    "value":{
      "YES":0.1891704351,
      "NO":0.8108295202
    }
  },
  {
    "test_case":"EXIST2025",
    "id":"420061",
    "value":{
      "YES":0.9910549521,
      "NO":0.0089451121
    }
  },
  {
    "test_case":"EXIST2025",
    "id":"420062",
    "value":{
      "YES":0.1420852244,
      "NO":0.8579147458
    }
  },
  {
    "test_case":"EXIST2025",
    "id":"420063",
    "value":{
      "YES":0.3688837886,
      "NO":0.631116271
    }
  },
  {
    "test_case":"EXIST2025",
    "id":"420064",
    "value":{
      "YES":0.989630878,
      "NO":0.0103691639
    }
  },
  {
    "test_case":"EXIST2025",
    "id":"420065",
    "value":{
      "YES":0.523175776,
      "NO":0.476824224
    }
  },
  {
    "test_case":"EXIST2025",
    "id":"420066",
    "value":{
      "YES":0.6068059206,
      "NO":0.3931940496
    }
  },
  {
    "test_case":"EXIST2025",
    "id":"420067",
    "value":{
      "YES":0.994907558,
      "NO":0.0050924779
    }
  },
  {
    "test_case":"EXIST2025",
    "id":"420068",
    "value":{
      "YES":0.8542413116,
      "NO":0.1457586586
    }
  },
  {
    "test_case":"EXIST2025",
    "id":"420069",
    "value":{
      "YES":0.0365001261,
      "NO":0.9634999037
    }
  },
  {
    "test_case":"EXIST2025",
    "id":"420070",
    "value":{
      "YES":0.2098316401,
      "NO":0.790168345
    }
  },
  {
    "test_case":"EXIST2025",
    "id":"420071",
    "value":{
      "YES":0.9937771559,
      "NO":0.0062228162
    }
  },
  {
    "test_case":"EXIST2025",
    "id":"420072",
    "value":{
      "YES":0,
      "NO":1
    }
  },
  {
    "test_case":"EXIST2025",
    "id":"420073",
    "value":{
      "YES":0.8836877346,
      "NO":0.1163122579
    }
  },
  {
    "test_case":"EXIST2025",
    "id":"420074",
    "value":{
      "YES":0.9933273792,
      "NO":0.0066726338
    }
  },
  {
    "test_case":"EXIST2025",
    "id":"420075",
    "value":{
      "YES":0.3689177334,
      "NO":0.6310822368
    }
  },
  {
    "test_case":"EXIST2025",
    "id":"420076",
    "value":{
      "YES":0.3604712486,
      "NO":0.6395287514
    }
  },
  {
    "test_case":"EXIST2025",
    "id":"420077",
    "value":{
      "YES":0.9940730929,
      "NO":0.0059268726
    }
  },
  {
    "test_case":"EXIST2025",
    "id":"420078",
    "value":{
      "YES":0.4841857553,
      "NO":0.5158142447
    }
  },
  {
    "test_case":"EXIST2025",
    "id":"420079",
    "value":{
      "YES":0.0478421822,
      "NO":0.952157855
    }
  },
  {
    "test_case":"EXIST2025",
    "id":"420080",
    "value":{
      "YES":0.13621369,
      "NO":0.8637862802
    }
  },
  {
    "test_case":"EXIST2025",
    "id":"420081",
    "value":{
      "YES":0.0195989721,
      "NO":0.9804009795
    }
  },
  {
    "test_case":"EXIST2025",
    "id":"420082",
    "value":{
      "YES":0.9530553222,
      "NO":0.0469446853
    }
  },
  {
    "test_case":"EXIST2025",
    "id":"420083",
    "value":{
      "YES":0.8160880208,
      "NO":0.1839119792
    }
  },
  {
    "test_case":"EXIST2025",
    "id":"420084",
    "value":{
      "YES":0.0340471566,
      "NO":0.9659528732
    }
  },
  {
    "test_case":"EXIST2025",
    "id":"420085",
    "value":{
      "YES":0.9853528142,
      "NO":0.014647238
    }
  },
  {
    "test_case":"EXIST2025",
    "id":"420086",
    "value":{
      "YES":0.0042140647,
      "NO":0.995785892
    }
  },
  {
    "test_case":"EXIST2025",
    "id":"420087",
    "value":{
      "YES":0.0094198044,
      "NO":0.9905802608
    }
  },
  {
    "test_case":"EXIST2025",
    "id":"420088",
    "value":{
      "YES":0.9039534926,
      "NO":0.0960464627
    }
  },
  {
    "test_case":"EXIST2025",
    "id":"420089",
    "value":{
      "YES":0.0036724093,
      "NO":0.996327579
    }
  },
  {
    "test_case":"EXIST2025",
    "id":"420090",
    "value":{
      "YES":0.9258649945,
      "NO":0.0741349757
    }
  },
  {
    "test_case":"EXIST2025",
    "id":"420091",
    "value":{
      "YES":0.0072753644,
      "NO":0.9927247167
    }
  },
  {
    "test_case":"EXIST2025",
    "id":"420092",
    "value":{
      "YES":0.5567488074,
      "NO":0.443251133
    }
  },
  {
    "test_case":"EXIST2025",
    "id":"420093",
    "value":{
      "YES":0.0375567041,
      "NO":0.9624433517
    }
  },
  {
    "test_case":"EXIST2025",
    "id":"420094",
    "value":{
      "YES":0.0610364377,
      "NO":0.9389635324
    }
  },
  {
    "test_case":"EXIST2025",
    "id":"420095",
    "value":{
      "YES":0.9961031675,
      "NO":0.0038969039
    }
  },
  {
    "test_case":"EXIST2025",
    "id":"420096",
    "value":{
      "YES":0.2810812891,
      "NO":0.7189186811
    }
  },
  {
    "test_case":"EXIST2025",
    "id":"420097",
    "value":{
      "YES":0.0381866433,
      "NO":0.9618133307
    }
  },
  {
    "test_case":"EXIST2025",
    "id":"420098",
    "value":{
      "YES":0.0740447193,
      "NO":0.9259552956
    }
  },
  {
    "test_case":"EXIST2025",
    "id":"420099",
    "value":{
      "YES":0.7693411112,
      "NO":0.2306588143
    }
  },
  {
    "test_case":"EXIST2025",
    "id":"420100",
    "value":{
      "YES":0.0407660827,
      "NO":0.9592339396
    }
  },
  {
    "test_case":"EXIST2025",
    "id":"420101",
    "value":{
      "YES":0.9748924971,
      "NO":0.0251074918
    }
  },
  {
    "test_case":"EXIST2025",
    "id":"420102",
    "value":{
      "YES":0.9876995087,
      "NO":0.0123004606
    }
  },
  {
    "test_case":"EXIST2025",
    "id":"420103",
    "value":{
      "YES":0.1853788346,
      "NO":0.8146211505
    }
  },
  {
    "test_case":"EXIST2025",
    "id":"420104",
    "value":{
      "YES":0.0036539112,
      "NO":0.9963460565
    }
  },
  {
    "test_case":"EXIST2025",
    "id":"420105",
    "value":{
      "YES":0.1813601553,
      "NO":0.8186398149
    }
  },
  {
    "test_case":"EXIST2025",
    "id":"420106",
    "value":{
      "YES":0.1199098825,
      "NO":0.8800901175
    }
  },
  {
    "test_case":"EXIST2025",
    "id":"420107",
    "value":{
      "YES":0.4547943771,
      "NO":0.5452056527
    }
  },
  {
    "test_case":"EXIST2025",
    "id":"420108",
    "value":{
      "YES":0.9613161087,
      "NO":0.0386838466
    }
  },
  {
    "test_case":"EXIST2025",
    "id":"420109",
    "value":{
      "YES":0.8835650086,
      "NO":0.1164349988
    }
  },
  {
    "test_case":"EXIST2025",
    "id":"420110",
    "value":{
      "YES":0.996401906,
      "NO":0.0035981333
    }
  },
  {
    "test_case":"EXIST2025",
    "id":"420111",
    "value":{
      "YES":0.009419309,
      "NO":0.9905807376
    }
  },
  {
    "test_case":"EXIST2025",
    "id":"420112",
    "value":{
      "YES":0.7587442398,
      "NO":0.2412557602
    }
  },
  {
    "test_case":"EXIST2025",
    "id":"420113",
    "value":{
      "YES":0.0472677834,
      "NO":0.9527322054
    }
  },
  {
    "test_case":"EXIST2025",
    "id":"420114",
    "value":{
      "YES":0.017591916,
      "NO":0.9824081063
    }
  },
  {
    "test_case":"EXIST2025",
    "id":"420115",
    "value":{
      "YES":0.0121417409,
      "NO":0.9878582954
    }
  },
  {
    "test_case":"EXIST2025",
    "id":"420116",
    "value":{
      "YES":0.009424245,
      "NO":0.9905757904
    }
  },
  {
    "test_case":"EXIST2025",
    "id":"420117",
    "value":{
      "YES":0.012683453,
      "NO":0.9873166084
    }
  },
  {
    "test_case":"EXIST2025",
    "id":"420118",
    "value":{
      "YES":0.9666666985,
      "NO":0.0333333276
    }
  },
  {
    "test_case":"EXIST2025",
    "id":"420119",
    "value":{
      "YES":0.9146620631,
      "NO":0.0853379816
    }
  },
  {
    "test_case":"EXIST2025",
    "id":"420120",
    "value":{
      "YES":0.9648007751,
      "NO":0.0351991802
    }
  },
  {
    "test_case":"EXIST2025",
    "id":"420121",
    "value":{
      "YES":0.1871635914,
      "NO":0.8128364086
    }
  },
  {
    "test_case":"EXIST2025",
    "id":"420122",
    "value":{
      "YES":0.9714224935,
      "NO":0.0285775829
    }
  },
  {
    "test_case":"EXIST2025",
    "id":"420123",
    "value":{
      "YES":0.9132553935,
      "NO":0.0867445469
    }
  },
  {
    "test_case":"EXIST2025",
    "id":"420124",
    "value":{
      "YES":0.0342589989,
      "NO":0.9657410383
    }
  },
  {
    "test_case":"EXIST2025",
    "id":"420125",
    "value":{
      "YES":0.0155787757,
      "NO":0.9844212532
    }
  },
  {
    "test_case":"EXIST2025",
    "id":"420126",
    "value":{
      "YES":0.3199204504,
      "NO":0.6800795794
    }
  },
  {
    "test_case":"EXIST2025",
    "id":"420127",
    "value":{
      "YES":0.0322809331,
      "NO":0.9677190781
    }
  },
  {
    "test_case":"EXIST2025",
    "id":"420128",
    "value":{
      "YES":0.766700685,
      "NO":0.2332993299
    }
  },
  {
    "test_case":"EXIST2025",
    "id":"420129",
    "value":{
      "YES":0.0056888429,
      "NO":0.9943110943
    }
  },
  {
    "test_case":"EXIST2025",
    "id":"420130",
    "value":{
      "YES":0.8130079508,
      "NO":0.1869919896
    }
  },
  {
    "test_case":"EXIST2025",
    "id":"420131",
    "value":{
      "YES":0.0011030665,
      "NO":0.9988969564
    }
  },
  {
    "test_case":"EXIST2025",
    "id":"420132",
    "value":{
      "YES":0.6592534184,
      "NO":0.3407466412
    }
  },
  {
    "test_case":"EXIST2025",
    "id":"420133",
    "value":{
      "YES":0.0573805384,
      "NO":0.9426194429
    }
  },
  {
    "test_case":"EXIST2025",
    "id":"420134",
    "value":{
      "YES":0.0846457779,
      "NO":0.9153541923
    }
  },
  {
    "test_case":"EXIST2025",
    "id":"420135",
    "value":{
      "YES":0.231232971,
      "NO":0.7687670588
    }
  },
  {
    "test_case":"EXIST2025",
    "id":"420136",
    "value":{
      "YES":0.0065359632,
      "NO":0.9934640527
    }
  },
  {
    "test_case":"EXIST2025",
    "id":"420137",
    "value":{
      "YES":0.9735219479,
      "NO":0.0264780372
    }
  },
  {
    "test_case":"EXIST2025",
    "id":"420138",
    "value":{
      "YES":0.0025237012,
      "NO":0.9974762797
    }
  },
  {
    "test_case":"EXIST2025",
    "id":"420139",
    "value":{
      "YES":0.9976945519,
      "NO":0.0023053912
    }
  },
  {
    "test_case":"EXIST2025",
    "id":"420140",
    "value":{
      "YES":0.0039483421,
      "NO":0.9960517287
    }
  },
  {
    "test_case":"EXIST2025",
    "id":"420141",
    "value":{
      "YES":0.9935619831,
      "NO":0.0064380686
    }
  },
  {
    "test_case":"EXIST2025",
    "id":"420142",
    "value":{
      "YES":0.9737977386,
      "NO":0.0262022708
    }
  },
  {
    "test_case":"EXIST2025",
    "id":"420143",
    "value":{
      "YES":0.0507435687,
      "NO":0.9492564797
    }
  },
  {
    "test_case":"EXIST2025",
    "id":"420144",
    "value":{
      "YES":0.7646706104,
      "NO":0.2353293598
    }
  },
  {
    "test_case":"EXIST2025",
    "id":"420145",
    "value":{
      "YES":0.6135608554,
      "NO":0.3864391446
    }
  },
  {
    "test_case":"EXIST2025",
    "id":"420146",
    "value":{
      "YES":0.0043104081,
      "NO":0.9956895709
    }
  },
  {
    "test_case":"EXIST2025",
    "id":"420147",
    "value":{
      "YES":0.0184738003,
      "NO":0.9815262556
    }
  },
  {
    "test_case":"EXIST2025",
    "id":"420148",
    "value":{
      "YES":0.7326760292,
      "NO":0.267323941
    }
  },
  {
    "test_case":"EXIST2025",
    "id":"420149",
    "value":{
      "YES":0.9867402911,
      "NO":0.0132596735
    }
  },
  {
    "test_case":"EXIST2025",
    "id":"420150",
    "value":{
      "YES":0.5146515965,
      "NO":0.4853483737
    }
  },
  {
    "test_case":"EXIST2025",
    "id":"420151",
    "value":{
      "YES":0.3503469527,
      "NO":0.6496530175
    }
  },
  {
    "test_case":"EXIST2025",
    "id":"420152",
    "value":{
      "YES":0.0683977082,
      "NO":0.9316022992
    }
  },
  {
    "test_case":"EXIST2025",
    "id":"420153",
    "value":{
      "YES":0.9797701836,
      "NO":0.0202298854
    }
  },
  {
    "test_case":"EXIST2025",
    "id":"420154",
    "value":{
      "YES":0.2532892823,
      "NO":0.7467107177
    }
  },
  {
    "test_case":"EXIST2025",
    "id":"420155",
    "value":{
      "YES":0.9944517016,
      "NO":0.0055482294
    }
  },
  {
    "test_case":"EXIST2025",
    "id":"420156",
    "value":{
      "YES":0.9565540552,
      "NO":0.0434459448
    }
  },
  {
    "test_case":"EXIST2025",
    "id":"420157",
    "value":{
      "YES":0.0436462052,
      "NO":0.9563538432
    }
  },
  {
    "test_case":"EXIST2025",
    "id":"420158",
    "value":{
      "YES":0.0017102045,
      "NO":0.9982897639
    }
  },
  {
    "test_case":"EXIST2025",
    "id":"420159",
    "value":{
      "YES":0.0039479444,
      "NO":0.9960520864
    }
  },
  {
    "test_case":"EXIST2025",
    "id":"420160",
    "value":{
      "YES":0.3938277066,
      "NO":0.6061722636
    }
  },
  {
    "test_case":"EXIST2025",
    "id":"420161",
    "value":{
      "YES":0.9766323566,
      "NO":0.0233675838
    }
  },
  {
    "test_case":"EXIST2025",
    "id":"420162",
    "value":{
      "YES":0.675407052,
      "NO":0.3245929778
    }
  },
  {
    "test_case":"EXIST2025",
    "id":"420163",
    "value":{
      "YES":0.1985854208,
      "NO":0.801414609
    }
  },
  {
    "test_case":"EXIST2025",
    "id":"420164",
    "value":{
      "YES":0.9730759859,
      "NO":0.0269240495
    }
  },
  {
    "test_case":"EXIST2025",
    "id":"420165",
    "value":{
      "YES":0.774644196,
      "NO":0.225355804
    }
  },
  {
    "test_case":"EXIST2025",
    "id":"420166",
    "value":{
      "YES":0.7990182638,
      "NO":0.2009817958
    }
  },
  {
    "test_case":"EXIST2025",
    "id":"420167",
    "value":{
      "YES":0.8680279255,
      "NO":0.1319720745
    }
  },
  {
    "test_case":"EXIST2025",
    "id":"420168",
    "value":{
      "YES":0.0538627878,
      "NO":0.9461372495
    }
  },
  {
    "test_case":"EXIST2025",
    "id":"420169",
    "value":{
      "YES":0.9937520623,
      "NO":0.006247934
    }
  },
  {
    "test_case":"EXIST2025",
    "id":"420170",
    "value":{
      "YES":0.0845209956,
      "NO":0.9154790044
    }
  },
  {
    "test_case":"EXIST2025",
    "id":"420171",
    "value":{
      "YES":0.9659571052,
      "NO":0.0340428911
    }
  },
  {
    "test_case":"EXIST2025",
    "id":"420172",
    "value":{
      "YES":0.9863107204,
      "NO":0.0136892507
    }
  },
  {
    "test_case":"EXIST2025",
    "id":"420173",
    "value":{
      "YES":0.9516798854,
      "NO":0.0483201705
    }
  },
  {
    "test_case":"EXIST2025",
    "id":"420174",
    "value":{
      "YES":0.9895501733,
      "NO":0.0104497774
    }
  },
  {
    "test_case":"EXIST2025",
    "id":"420175",
    "value":{
      "YES":0.5746632218,
      "NO":0.4253367782
    }
  },
  {
    "test_case":"EXIST2025",
    "id":"420176",
    "value":{
      "YES":0.764467001,
      "NO":0.2355330437
    }
  },
  {
    "test_case":"EXIST2025",
    "id":"420177",
    "value":{
      "YES":0.4967345893,
      "NO":0.5032653809
    }
  },
  {
    "test_case":"EXIST2025",
    "id":"420178",
    "value":{
      "YES":0.8291426897,
      "NO":0.1708572954
    }
  },
  {
    "test_case":"EXIST2025",
    "id":"420179",
    "value":{
      "YES":0.4506013095,
      "NO":0.5493986607
    }
  },
  {
    "test_case":"EXIST2025",
    "id":"420180",
    "value":{
      "YES":0.9866178632,
      "NO":0.0133821415
    }
  },
  {
    "test_case":"EXIST2025",
    "id":"420181",
    "value":{
      "YES":0.0112248342,
      "NO":0.9887751341
    }
  },
  {
    "test_case":"EXIST2025",
    "id":"420182",
    "value":{
      "YES":0.4323683977,
      "NO":0.5676316023
    }
  },
  {
    "test_case":"EXIST2025",
    "id":"420183",
    "value":{
      "YES":0.9701740742,
      "NO":0.0298259258
    }
  },
  {
    "test_case":"EXIST2025",
    "id":"420184",
    "value":{
      "YES":0.9686475396,
      "NO":0.0313524939
    }
  },
  {
    "test_case":"EXIST2025",
    "id":"420185",
    "value":{
      "YES":0.0427681319,
      "NO":0.9572318792
    }
  },
  {
    "test_case":"EXIST2025",
    "id":"420186",
    "value":{
      "YES":0.0165037252,
      "NO":0.9834963083
    }
  },
  {
    "test_case":"EXIST2025",
    "id":"420187",
    "value":{
      "YES":0.8703601956,
      "NO":0.1296397746
    }
  },
  {
    "test_case":"EXIST2025",
    "id":"420188",
    "value":{
      "YES":0.9888333082,
      "NO":0.0111667197
    }
  },
  {
    "test_case":"EXIST2025",
    "id":"420189",
    "value":{
      "YES":0.9010329843,
      "NO":0.0989670753
    }
  },
  {
    "test_case":"EXIST2025",
    "id":"420190",
    "value":{
      "YES":0.0259146895,
      "NO":0.9740852714
    }
  },
  {
    "test_case":"EXIST2025",
    "id":"420191",
    "value":{
      "YES":0.6339452863,
      "NO":0.3660547137
    }
  },
  {
    "test_case":"EXIST2025",
    "id":"420192",
    "value":{
      "YES":0.06728331,
      "NO":0.9327167273
    }
  },
  {
    "test_case":"EXIST2025",
    "id":"420193",
    "value":{
      "YES":0.9950922728,
      "NO":0.004907663
    }
  },
  {
    "test_case":"EXIST2025",
    "id":"420194",
    "value":{
      "YES":0.0041417843,
      "NO":0.995858252
    }
  },
  {
    "test_case":"EXIST2025",
    "id":"420195",
    "value":{
      "YES":0.6621224284,
      "NO":0.337877512
    }
  },
  {
    "test_case":"EXIST2025",
    "id":"420196",
    "value":{
      "YES":0.9000854492,
      "NO":0.0999145508
    }
  },
  {
    "test_case":"EXIST2025",
    "id":"420197",
    "value":{
      "YES":0.857227385,
      "NO":0.1427726448
    }
  },
  {
    "test_case":"EXIST2025",
    "id":"420198",
    "value":{
      "YES":0.0021495442,
      "NO":0.9978504181
    }
  },
  {
    "test_case":"EXIST2025",
    "id":"420199",
    "value":{
      "YES":0.0159729738,
      "NO":0.9840270281
    }
  },
  {
    "test_case":"EXIST2025",
    "id":"420200",
    "value":{
      "YES":0.0064049466,
      "NO":0.9935950637
    }
  },
  {
    "test_case":"EXIST2025",
    "id":"420201",
    "value":{
      "YES":0.001440453,
      "NO":0.9985595345
    }
  },
  {
    "test_case":"EXIST2025",
    "id":"420202",
    "value":{
      "YES":0.0565906838,
      "NO":0.9434093237
    }
  },
  {
    "test_case":"EXIST2025",
    "id":"420203",
    "value":{
      "YES":0.009786333,
      "NO":0.9902136922
    }
  },
  {
    "test_case":"EXIST2025",
    "id":"420204",
    "value":{
      "YES":0.6278600097,
      "NO":0.3721399307
    }
  },
  {
    "test_case":"EXIST2025",
    "id":"420205",
    "value":{
      "YES":0.0590359233,
      "NO":0.9409640431
    }
  },
  {
    "test_case":"EXIST2025",
    "id":"420206",
    "value":{
      "YES":0.3402532935,
      "NO":0.6597467065
    }
  },
  {
    "test_case":"EXIST2025",
    "id":"420207",
    "value":{
      "YES":0.0090404283,
      "NO":0.9909596443
    }
  },
  {
    "test_case":"EXIST2025",
    "id":"420208",
    "value":{
      "YES":0.1171102449,
      "NO":0.882889688
    }
  },
  {
    "test_case":"EXIST2025",
    "id":"420209",
    "value":{
      "YES":0.5065315962,
      "NO":0.4934684038
    }
  },
  {
    "test_case":"EXIST2025",
    "id":"420210",
    "value":{
      "YES":0.9908953905,
      "NO":0.0091046756
    }
  },
  {
    "test_case":"EXIST2025",
    "id":"420211",
    "value":{
      "YES":0.0497379564,
      "NO":0.9502620101
    }
  },
  {
    "test_case":"EXIST2025",
    "id":"420212",
    "value":{
      "YES":0.33416453,
      "NO":0.6658354402
    }
  },
  {
    "test_case":"EXIST2025",
    "id":"420213",
    "value":{
      "YES":0.0201638956,
      "NO":0.9798361063
    }
  },
  {
    "test_case":"EXIST2025",
    "id":"420214",
    "value":{
      "YES":0.8113709688,
      "NO":0.1886290461
    }
  },
  {
    "test_case":"EXIST2025",
    "id":"420215",
    "value":{
      "YES":0.950497508,
      "NO":0.0495025478
    }
  },
  {
    "test_case":"EXIST2025",
    "id":"420216",
    "value":{
      "YES":0.9546219707,
      "NO":0.0453779958
    }
  },
  {
    "test_case":"EXIST2025",
    "id":"420217",
    "value":{
      "YES":0.9908292294,
      "NO":0.0091708042
    }
  },
  {
    "test_case":"EXIST2025",
    "id":"420218",
    "value":{
      "YES":0.166492939,
      "NO":0.8335070014
    }
  },
  {
    "test_case":"EXIST2025",
    "id":"420219",
    "value":{
      "YES":0.2860723138,
      "NO":0.7139277458
    }
  },
  {
    "test_case":"EXIST2025",
    "id":"420220",
    "value":{
      "YES":0.1084393188,
      "NO":0.8915606737
    }
  },
  {
    "test_case":"EXIST2025",
    "id":"420221",
    "value":{
      "YES":0.0039896248,
      "NO":0.9960104227
    }
  },
  {
    "test_case":"EXIST2025",
    "id":"420222",
    "value":{
      "YES":0.957854569,
      "NO":0.0421454161
    }
  },
  {
    "test_case":"EXIST2025",
    "id":"420223",
    "value":{
      "YES":0.3250712156,
      "NO":0.6749287844
    }
  },
  {
    "test_case":"EXIST2025",
    "id":"420224",
    "value":{
      "YES":0.0215482619,
      "NO":0.9784517288
    }
  },
  {
    "test_case":"EXIST2025",
    "id":"420225",
    "value":{
      "YES":0.2874152362,
      "NO":0.712584734
    }
  },
  {
    "test_case":"EXIST2025",
    "id":"420226",
    "value":{
      "YES":0.9897165895,
      "NO":0.0102834171
    }
  },
  {
    "test_case":"EXIST2025",
    "id":"420227",
    "value":{
      "YES":0.0920067579,
      "NO":0.9079931974
    }
  },
  {
    "test_case":"EXIST2025",
    "id":"420228",
    "value":{
      "YES":0.9723030925,
      "NO":0.0276968945
    }
  },
  {
    "test_case":"EXIST2025",
    "id":"420229",
    "value":{
      "YES":0.9754727483,
      "NO":0.0245273076
    }
  },
  {
    "test_case":"EXIST2025",
    "id":"420230",
    "value":{
      "YES":0.9964345694,
      "NO":0.0035653939
    }
  },
  {
    "test_case":"EXIST2025",
    "id":"420231",
    "value":{
      "YES":0.8907093406,
      "NO":0.1092907041
    }
  },
  {
    "test_case":"EXIST2025",
    "id":"420232",
    "value":{
      "YES":0.0549781471,
      "NO":0.9450218081
    }
  },
  {
    "test_case":"EXIST2025",
    "id":"420233",
    "value":{
      "YES":0.0871739313,
      "NO":0.9128261209
    }
  },
  {
    "test_case":"EXIST2025",
    "id":"420234",
    "value":{
      "YES":0.9845517278,
      "NO":0.0154482769
    }
  },
  {
    "test_case":"EXIST2025",
    "id":"420235",
    "value":{
      "YES":0.9941945672,
      "NO":0.0058054482
    }
  },
  {
    "test_case":"EXIST2025",
    "id":"420236",
    "value":{
      "YES":0.9101544619,
      "NO":0.0898455083
    }
  },
  {
    "test_case":"EXIST2025",
    "id":"420237",
    "value":{
      "YES":0.045313891,
      "NO":0.9546861053
    }
  },
  {
    "test_case":"EXIST2025",
    "id":"420238",
    "value":{
      "YES":0.006614083,
      "NO":0.9933859706
    }
  },
  {
    "test_case":"EXIST2025",
    "id":"420239",
    "value":{
      "YES":0.8776341677,
      "NO":0.1223658994
    }
  },
  {
    "test_case":"EXIST2025",
    "id":"420240",
    "value":{
      "YES":0.9883092642,
      "NO":0.0116906995
    }
  },
  {
    "test_case":"EXIST2025",
    "id":"420241",
    "value":{
      "YES":0.10619919,
      "NO":0.8938007951
    }
  },
  {
    "test_case":"EXIST2025",
    "id":"420242",
    "value":{
      "YES":0.0053765438,
      "NO":0.9946234226
    }
  },
  {
    "test_case":"EXIST2025",
    "id":"420243",
    "value":{
      "YES":0.7983340621,
      "NO":0.2016659379
    }
  },
  {
    "test_case":"EXIST2025",
    "id":"420244",
    "value":{
      "YES":0.85714221,
      "NO":0.1428578198
    }
  },
  {
    "test_case":"EXIST2025",
    "id":"420245",
    "value":{
      "YES":0.0019676161,
      "NO":0.9980323911
    }
  },
  {
    "test_case":"EXIST2025",
    "id":"420246",
    "value":{
      "YES":0.9923902154,
      "NO":0.0076098042
    }
  },
  {
    "test_case":"EXIST2025",
    "id":"420247",
    "value":{
      "YES":0.376105845,
      "NO":0.6238942146
    }
  },
  {
    "test_case":"EXIST2025",
    "id":"420248",
    "value":{
      "YES":0.9902194142,
      "NO":0.0097805634
    }
  },
  {
    "test_case":"EXIST2025",
    "id":"420249",
    "value":{
      "YES":0.5163136721,
      "NO":0.4836862981
    }
  },
  {
    "test_case":"EXIST2025",
    "id":"420250",
    "value":{
      "YES":0.1452229321,
      "NO":0.8547770977
    }
  },
  {
    "test_case":"EXIST2025",
    "id":"420251",
    "value":{
      "YES":0.9150129557,
      "NO":0.0849870965
    }
  },
  {
    "test_case":"EXIST2025",
    "id":"420252",
    "value":{
      "YES":0.2657473385,
      "NO":0.7342526913
    }
  },
  {
    "test_case":"EXIST2025",
    "id":"420253",
    "value":{
      "YES":0.0054613533,
      "NO":0.9945386052
    }
  },
  {
    "test_case":"EXIST2025",
    "id":"420254",
    "value":{
      "YES":0.04558824,
      "NO":0.9544116855
    }
  },
  {
    "test_case":"EXIST2025",
    "id":"420255",
    "value":{
      "YES":0.0256486237,
      "NO":0.9743513465
    }
  },
  {
    "test_case":"EXIST2025",
    "id":"420256",
    "value":{
      "YES":0.020104222,
      "NO":0.9798958302
    }
  },
  {
    "test_case":"EXIST2025",
    "id":"420257",
    "value":{
      "YES":0.1303358972,
      "NO":0.8696641326
    }
  },
  {
    "test_case":"EXIST2025",
    "id":"420258",
    "value":{
      "YES":0.0242724363,
      "NO":0.9757275581
    }
  },
  {
    "test_case":"EXIST2025",
    "id":"420259",
    "value":{
      "YES":0.9725424051,
      "NO":0.0274575558
    }
  },
  {
    "test_case":"EXIST2025",
    "id":"420260",
    "value":{
      "YES":0.006495466,
      "NO":0.9935045242
    }
  },
  {
    "test_case":"EXIST2025",
    "id":"420261",
    "value":{
      "YES":0.4358284771,
      "NO":0.5641715527
    }
  },
  {
    "test_case":"EXIST2025",
    "id":"420262",
    "value":{
      "YES":0.9706063271,
      "NO":0.0293936189
    }
  },
  {
    "test_case":"EXIST2025",
    "id":"420263",
    "value":{
      "YES":0.1588700414,
      "NO":0.841129899
    }
  },
  {
    "test_case":"EXIST2025",
    "id":"420264",
    "value":{
      "YES":0.0025473887,
      "NO":0.9974525571
    }
  },
  {
    "test_case":"EXIST2025",
    "id":"420265",
    "value":{
      "YES":0.0067355428,
      "NO":0.9932644367
    }
  },
  {
    "test_case":"EXIST2025",
    "id":"420266",
    "value":{
      "YES":0.8259367943,
      "NO":0.1740631908
    }
  },
  {
    "test_case":"EXIST2025",
    "id":"420267",
    "value":{
      "YES":0.9935500622,
      "NO":0.0064498768
    }
  },
  {
    "test_case":"EXIST2025",
    "id":"420268",
    "value":{
      "YES":0.7430452108,
      "NO":0.2569547892
    }
  },
  {
    "test_case":"EXIST2025",
    "id":"420269",
    "value":{
      "YES":0.0334846117,
      "NO":0.9665153623
    }
  },
  {
    "test_case":"EXIST2025",
    "id":"420270",
    "value":{
      "YES":0.6033210158,
      "NO":0.3966789544
    }
  },
  {
    "test_case":"EXIST2025",
    "id":"420271",
    "value":{
      "YES":0.0470895544,
      "NO":0.9529104829
    }
  },
  {
    "test_case":"EXIST2025",
    "id":"420272",
    "value":{
      "YES":0.995759666,
      "NO":0.0042403745
    }
  },
  {
    "test_case":"EXIST2025",
    "id":"420273",
    "value":{
      "YES":0.9315673113,
      "NO":0.0684326887
    }
  },
  {
    "test_case":"EXIST2025",
    "id":"420274",
    "value":{
      "YES":0.0032451828,
      "NO":0.9967548251
    }
  },
  {
    "test_case":"EXIST2025",
    "id":"420275",
    "value":{
      "YES":0.0005800477,
      "NO":0.9994199276
    }
  },
  {
    "test_case":"EXIST2025",
    "id":"420276",
    "value":{
      "YES":0.0141486404,
      "NO":0.9858513474
    }
  },
  {
    "test_case":"EXIST2025",
    "id":"420277",
    "value":{
      "YES":0.8682099581,
      "NO":0.1317900568
    }
  },
  {
    "test_case":"EXIST2025",
    "id":"420278",
    "value":{
      "YES":0.0144263692,
      "NO":0.9855735898
    }
  },
  {
    "test_case":"EXIST2025",
    "id":"420279",
    "value":{
      "YES":0.0006339487,
      "NO":0.9993661046
    }
  },
  {
    "test_case":"EXIST2025",
    "id":"420280",
    "value":{
      "YES":0.4590895176,
      "NO":0.5409104824
    }
  },
  {
    "test_case":"EXIST2025",
    "id":"420281",
    "value":{
      "YES":0.9420335293,
      "NO":0.0579664446
    }
  },
  {
    "test_case":"EXIST2025",
    "id":"420282",
    "value":{
      "YES":0.7055558562,
      "NO":0.2944441736
    }
  },
  {
    "test_case":"EXIST2025",
    "id":"420283",
    "value":{
      "YES":0.7360227704,
      "NO":0.2639772594
    }
  },
  {
    "test_case":"EXIST2025",
    "id":"420284",
    "value":{
      "YES":0.0022070503,
      "NO":0.9977929592
    }
  },
  {
    "test_case":"EXIST2025",
    "id":"420285",
    "value":{
      "YES":0.8764868975,
      "NO":0.12351311
    }
  },
  {
    "test_case":"EXIST2025",
    "id":"420286",
    "value":{
      "YES":0.9849050641,
      "NO":0.0150948847
    }
  },
  {
    "test_case":"EXIST2025",
    "id":"420287",
    "value":{
      "YES":0.9891108871,
      "NO":0.0108891558
    }
  },
  {
    "test_case":"EXIST2025",
    "id":"420288",
    "value":{
      "YES":0.9116928577,
      "NO":0.0883071348
    }
  },
  {
    "test_case":"EXIST2025",
    "id":"420289",
    "value":{
      "YES":0.0881383419,
      "NO":0.9118615985
    }
  },
  {
    "test_case":"EXIST2025",
    "id":"420290",
    "value":{
      "YES":0.0099485368,
      "NO":0.9900514483
    }
  },
  {
    "test_case":"EXIST2025",
    "id":"420291",
    "value":{
      "YES":0.2381606698,
      "NO":0.7618393302
    }
  },
  {
    "test_case":"EXIST2025",
    "id":"420292",
    "value":{
      "YES":0.9455400109,
      "NO":0.0544599816
    }
  },
  {
    "test_case":"EXIST2025",
    "id":"420293",
    "value":{
      "YES":0.0081147067,
      "NO":0.9918853045
    }
  },
  {
    "test_case":"EXIST2025",
    "id":"420294",
    "value":{
      "YES":0.9949880838,
      "NO":0.0050119529
    }
  },
  {
    "test_case":"EXIST2025",
    "id":"420295",
    "value":{
      "YES":0.5274053216,
      "NO":0.4725946784
    }
  },
  {
    "test_case":"EXIST2025",
    "id":"420296",
    "value":{
      "YES":0.9768660069,
      "NO":0.0231340714
    }
  },
  {
    "test_case":"EXIST2025",
    "id":"420297",
    "value":{
      "YES":0.0079397773,
      "NO":0.9920601845
    }
  },
  {
    "test_case":"EXIST2025",
    "id":"420298",
    "value":{
      "YES":0.9971712232,
      "NO":0.0028288334
    }
  },
  {
    "test_case":"EXIST2025",
    "id":"420299",
    "value":{
      "YES":0.0619865283,
      "NO":0.938013494
    }
  },
  {
    "test_case":"EXIST2025",
    "id":"420300",
    "value":{
      "YES":0.0215449333,
      "NO":0.9784550071
    }
  },
  {
    "test_case":"EXIST2025",
    "id":"420301",
    "value":{
      "YES":0.0377938338,
      "NO":0.9622061849
    }
  },
  {
    "test_case":"EXIST2025",
    "id":"420302",
    "value":{
      "YES":0.9865598679,
      "NO":0.0134401219
    }
  },
  {
    "test_case":"EXIST2025",
    "id":"420303",
    "value":{
      "YES":0.9921178222,
      "NO":0.0078821918
    }
  },
  {
    "test_case":"EXIST2025",
    "id":"420304",
    "value":{
      "YES":0.8679540753,
      "NO":0.13204588
    }
  },
  {
    "test_case":"EXIST2025",
    "id":"420305",
    "value":{
      "YES":0.0147024235,
      "NO":0.9852976203
    }
  },
  {
    "test_case":"EXIST2025",
    "id":"420306",
    "value":{
      "YES":0.5948573947,
      "NO":0.4051425755
    }
  },
  {
    "test_case":"EXIST2025",
    "id":"420307",
    "value":{
      "YES":0.6373606324,
      "NO":0.3626393676
    }
  },
  {
    "test_case":"EXIST2025",
    "id":"420308",
    "value":{
      "YES":0.0781648383,
      "NO":0.9218351841
    }
  },
  {
    "test_case":"EXIST2025",
    "id":"420309",
    "value":{
      "YES":0.0019189268,
      "NO":0.9980810881
    }
  },
  {
    "test_case":"EXIST2025",
    "id":"420310",
    "value":{
      "YES":0.9447990656,
      "NO":0.0552009195
    }
  },
  {
    "test_case":"EXIST2025",
    "id":"420311",
    "value":{
      "YES":0.1225654706,
      "NO":0.8774344921
    }
  },
  {
    "test_case":"EXIST2025",
    "id":"420312",
    "value":{
      "YES":0.4661120474,
      "NO":0.5338879228
    }
  },
  {
    "test_case":"EXIST2025",
    "id":"420313",
    "value":{
      "YES":0.0398047864,
      "NO":0.9601951838
    }
  },
  {
    "test_case":"EXIST2025",
    "id":"420314",
    "value":{
      "YES":0.0301277693,
      "NO":0.9698721766
    }
  },
  {
    "test_case":"EXIST2025",
    "id":"420315",
    "value":{
      "YES":0.6644107103,
      "NO":0.3355893195
    }
  },
  {
    "test_case":"EXIST2025",
    "id":"420316",
    "value":{
      "YES":0.9666901231,
      "NO":0.0333099142
    }
  },
  {
    "test_case":"EXIST2025",
    "id":"420317",
    "value":{
      "YES":0.9539846182,
      "NO":0.0460153893
    }
  },
  {
    "test_case":"EXIST2025",
    "id":"420318",
    "value":{
      "YES":0.9722961187,
      "NO":0.0277038794
    }
  },
  {
    "test_case":"EXIST2025",
    "id":"420319",
    "value":{
      "YES":0.9966781139,
      "NO":0.0033219398
    }
  },
  {
    "test_case":"EXIST2025",
    "id":"420320",
    "value":{
      "YES":0.2896096408,
      "NO":0.710390389
    }
  },
  {
    "test_case":"EXIST2025",
    "id":"420321",
    "value":{
      "YES":0.0161478259,
      "NO":0.9838521481
    }
  },
  {
    "test_case":"EXIST2025",
    "id":"420322",
    "value":{
      "YES":0.135489285,
      "NO":0.8645107746
    }
  },
  {
    "test_case":"EXIST2025",
    "id":"420323",
    "value":{
      "YES":0.0246715769,
      "NO":0.9753284454
    }
  },
  {
    "test_case":"EXIST2025",
    "id":"420324",
    "value":{
      "YES":0.9865254164,
      "NO":0.0134745473
    }
  },
  {
    "test_case":"EXIST2025",
    "id":"420325",
    "value":{
      "YES":0.030936785,
      "NO":0.969063282
    }
  },
  {
    "test_case":"EXIST2025",
    "id":"420326",
    "value":{
      "YES":0.9792538881,
      "NO":0.020746164
    }
  },
  {
    "test_case":"EXIST2025",
    "id":"420327",
    "value":{
      "YES":0.5323259234,
      "NO":0.4676740766
    }
  },
  {
    "test_case":"EXIST2025",
    "id":"420328",
    "value":{
      "YES":0.6748917103,
      "NO":0.3251083493
    }
  },
  {
    "test_case":"EXIST2025",
    "id":"420329",
    "value":{
      "YES":0.1389505267,
      "NO":0.8610495329
    }
  },
  {
    "test_case":"EXIST2025",
    "id":"420330",
    "value":{
      "YES":0.2646047175,
      "NO":0.7353952527
    }
  },
  {
    "test_case":"EXIST2025",
    "id":"420331",
    "value":{
      "YES":0.9951971173,
      "NO":0.0048028529
    }
  },
  {
    "test_case":"EXIST2025",
    "id":"420332",
    "value":{
      "YES":0.9954048395,
      "NO":0.0045952201
    }
  },
  {
    "test_case":"EXIST2025",
    "id":"420333",
    "value":{
      "YES":0.1122296751,
      "NO":0.8877703547
    }
  },
  {
    "test_case":"EXIST2025",
    "id":"420334",
    "value":{
      "YES":0.0174633022,
      "NO":0.9825367332
    }
  },
  {
    "test_case":"EXIST2025",
    "id":"420335",
    "value":{
      "YES":0.5981791019,
      "NO":0.4018208385
    }
  },
  {
    "test_case":"EXIST2025",
    "id":"420336",
    "value":{
      "YES":0.0954927281,
      "NO":0.9045072198
    }
  },
  {
    "test_case":"EXIST2025",
    "id":"420337",
    "value":{
      "YES":0.9827961326,
      "NO":0.0172038879
    }
  },
  {
    "test_case":"EXIST2025",
    "id":"420338",
    "value":{
      "YES":0.0259224772,
      "NO":0.9740775824
    }
  },
  {
    "test_case":"EXIST2025",
    "id":"420339",
    "value":{
      "YES":0.0743316635,
      "NO":0.9256682992
    }
  },
  {
    "test_case":"EXIST2025",
    "id":"420340",
    "value":{
      "YES":0.9762821794,
      "NO":0.0237177722
    }
  },
  {
    "test_case":"EXIST2025",
    "id":"420341",
    "value":{
      "YES":0.7502618432,
      "NO":0.249738127
    }
  },
  {
    "test_case":"EXIST2025",
    "id":"420342",
    "value":{
      "YES":0.0154976733,
      "NO":0.9845023751
    }
  },
  {
    "test_case":"EXIST2025",
    "id":"420343",
    "value":{
      "YES":0.0064148041,
      "NO":0.9935851693
    }
  },
  {
    "test_case":"EXIST2025",
    "id":"420344",
    "value":{
      "YES":0.9758274555,
      "NO":0.0241725706
    }
  },
  {
    "test_case":"EXIST2025",
    "id":"420345",
    "value":{
      "YES":0.0103951441,
      "NO":0.9896048307
    }
  },
  {
    "test_case":"EXIST2025",
    "id":"420346",
    "value":{
      "YES":0.204857409,
      "NO":0.795142591
    }
  },
  {
    "test_case":"EXIST2025",
    "id":"420347",
    "value":{
      "YES":0.0985854194,
      "NO":0.9014145732
    }
  },
  {
    "test_case":"EXIST2025",
    "id":"420348",
    "value":{
      "YES":0.0328772888,
      "NO":0.9671227336
    }
  },
  {
    "test_case":"EXIST2025",
    "id":"420349",
    "value":{
      "YES":0.1012527868,
      "NO":0.8987472057
    }
  },
  {
    "test_case":"EXIST2025",
    "id":"420350",
    "value":{
      "YES":0.2296524197,
      "NO":0.7703475952
    }
  },
  {
    "test_case":"EXIST2025",
    "id":"420351",
    "value":{
      "YES":0.9905853868,
      "NO":0.009414657
    }
  },
  {
    "test_case":"EXIST2025",
    "id":"420352",
    "value":{
      "YES":0.9251996875,
      "NO":0.0748002678
    }
  },
  {
    "test_case":"EXIST2025",
    "id":"420353",
    "value":{
      "YES":0.0636371672,
      "NO":0.9363628626
    }
  },
  {
    "test_case":"EXIST2025",
    "id":"420354",
    "value":{
      "YES":0.2404167354,
      "NO":0.7595832348
    }
  },
  {
    "test_case":"EXIST2025",
    "id":"420355",
    "value":{
      "YES":0.595046401,
      "NO":0.4049536586
    }
  },
  {
    "test_case":"EXIST2025",
    "id":"420356",
    "value":{
      "YES":0.8217036128,
      "NO":0.1782963425
    }
  },
  {
    "test_case":"EXIST2025",
    "id":"420357",
    "value":{
      "YES":0.9784752131,
      "NO":0.0215247329
    }
  },
  {
    "test_case":"EXIST2025",
    "id":"420358",
    "value":{
      "YES":0.975176096,
      "NO":0.0248238854
    }
  },
  {
    "test_case":"EXIST2025",
    "id":"420359",
    "value":{
      "YES":0.9937478304,
      "NO":0.0062521459
    }
  },
  {
    "test_case":"EXIST2025",
    "id":"420360",
    "value":{
      "YES":0.175754413,
      "NO":0.8242456317
    }
  },
  {
    "test_case":"EXIST2025",
    "id":"420361",
    "value":{
      "YES":0.0028683173,
      "NO":0.9971317053
    }
  },
  {
    "test_case":"EXIST2025",
    "id":"420362",
    "value":{
      "YES":0.1842048466,
      "NO":0.8157951832
    }
  },
  {
    "test_case":"EXIST2025",
    "id":"420363",
    "value":{
      "YES":0.1205779165,
      "NO":0.8794221282
    }
  },
  {
    "test_case":"EXIST2025",
    "id":"420364",
    "value":{
      "YES":0.0303067118,
      "NO":0.9696932435
    }
  },
  {
    "test_case":"EXIST2025",
    "id":"420365",
    "value":{
      "YES":0.0051061655,
      "NO":0.9948939085
    }
  },
  {
    "test_case":"EXIST2025",
    "id":"420366",
    "value":{
      "YES":0.2222671807,
      "NO":0.7777327895
    }
  },
  {
    "test_case":"EXIST2025",
    "id":"420367",
    "value":{
      "YES":0.5090025663,
      "NO":0.4909974337
    }
  },
  {
    "test_case":"EXIST2025",
    "id":"420368",
    "value":{
      "YES":0.0013885662,
      "NO":0.9986114502
    }
  },
  {
    "test_case":"EXIST2025",
    "id":"420369",
    "value":{
      "YES":0.0059445444,
      "NO":0.9940553904
    }
  },
  {
    "test_case":"EXIST2025",
    "id":"420370",
    "value":{
      "YES":0.4220630825,
      "NO":0.5779369473
    }
  }
]