[
  {
    "test_case":"EXIST2025",
    "id":"420001",
    "value":"NO"
  },
  {
    "test_case":"EXIST2025",
    "id":"420002",
    "value":"NO"
  },
  {
    "test_case":"EXIST2025",
    "id":"420003",
    "value":"YES"
  },
  {
    "test_case":"EXIST2025",
    "id":"420004",
    "value":"YES"
  },
  {
    "test_case":"EXIST2025",
    "id":"420005",
    "value":"YES"
  },
  {
    "test_case":"EXIST2025",
    "id":"420006",
    "value":"NO"
  },
  {
    "test_case":"EXIST2025",
    "id":"420007",
    "value":"NO"
  },
  {
    "test_case":"EXIST2025",
    "id":"420008",
    "value":"YES"
  },
  {
    "test_case":"EXIST2025",
    "id":"420009",
    "value":"YES"
  },
  {
    "test_case":"EXIST2025",
    "id":"420010",
    "value":"NO"
  },
  {
    "test_case":"EXIST2025",
    "id":"420011",
    "value":"YES"
  },
  {
    "test_case":"EXIST2025",
    "id":"420012",
    "value":"YES"
  },
  {
    "test_case":"EXIST2025",
    "id":"420013",
    "value":"YES"
  },
  {
    "test_case":"EXIST2025",
    "id":"420014",
    "value":"YES"
  },
  {
    "test_case":"EXIST2025",
    "id":"420015",
    "value":"YES"
  },
  {
    "test_case":"EXIST2025",
    "id":"420016",
    "value":"YES"
  },
  {
    "test_case":"EXIST2025",
    "id":"420017",
    "value":"YES"
  },
  {
    "test_case":"EXIST2025",
    "id":"420018",
    "value":"NO"
  },
  {
    "test_case":"EXIST2025",
    "id":"420019",
    "value":"NO"
  },
  {
    "test_case":"EXIST2025",
    "id":"420020",
    "value":"YES"
  },
  {
    "test_case":"EXIST2025",
    "id":"420021",
    "value":"NO"
  },
  {
    "test_case":"EXIST2025",
    "id":"420022",
    "value":"NO"
  },
  {
    "test_case":"EXIST2025",
    "id":"420023",
    "value":"YES"
  },
  {
    "test_case":"EXIST2025",
    "id":"420024",
    "value":"NO"
  },
  {
    "test_case":"EXIST2025",
    "id":"420025",
    "value":"NO"
  },
  {
    "test_case":"EXIST2025",
    "id":"420026",
    "value":"YES"
  },
  {
    "test_case":"EXIST2025",
    "id":"420027",
    "value":"NO"
  },
  {
    "test_case":"EXIST2025",
    "id":"420028",
    "value":"YES"
  },
  {
    "test_case":"EXIST2025",
    "id":"420029",
    "value":"NO"
  },
  {
    "test_case":"EXIST2025",
    "id":"420030",
    "value":"NO"
  },
  {
    "test_case":"EXIST2025",
    "id":"420031",
    "value":"NO"
  },
  {
    "test_case":"EXIST2025",
    "id":"420032",
    "value":"YES"
  },
  {
    "test_case":"EXIST2025",
    "id":"420033",
    "value":"YES"
  },
  {
    "test_case":"EXIST2025",
    "id":"420034",
    "value":"YES"
  },
  {
    "test_case":"EXIST2025",
    "id":"420035",
    "value":"YES"
  },
  {
    "test_case":"EXIST2025",
    "id":"420036",
    "value":"YES"
  },
  {
    "test_case":"EXIST2025",
    "id":"420037",
    "value":"YES"
  },
  {
    "test_case":"EXIST2025",
    "id":"420038",
    "value":"NO"
  },
  {
    "test_case":"EXIST2025",
    "id":"420039",
    "value":"NO"
  },
  {
    "test_case":"EXIST2025",
    "id":"420040",
    "value":"NO"
  },
  {
    "test_case":"EXIST2025",
    "id":"420041",
    "value":"YES"
  },
  {
    "test_case":"EXIST2025",
    "id":"420042",
    "value":"YES"
  },
  {
    "test_case":"EXIST2025",
    "id":"420043",
    "value":"NO"
  },
  {
    "test_case":"EXIST2025",
    "id":"420044",
    "value":"YES"
  },
  {
    "test_case":"EXIST2025",
    "id":"420045",
    "value":"NO"
  },
  {
    "test_case":"EXIST2025",
    "id":"420046",
    "value":"NO"
  },
  {
    "test_case":"EXIST2025",
    "id":"420047",
    "value":"YES"
  },
  {
    "test_case":"EXIST2025",
    "id":"420048",
    "value":"NO"
  },
  {
    "test_case":"EXIST2025",
    "id":"420049",
    "value":"YES"
  },
  {
    "test_case":"EXIST2025",
    "id":"420050",
    "value":"NO"
  },
  {
    "test_case":"EXIST2025",
    "id":"420051",
    "value":"YES"
  },
  {
    "test_case":"EXIST2025",
    "id":"420052",
    "value":"NO"
  },
  {
    "test_case":"EXIST2025",
    "id":"420053",
    "value":"NO"
  },
  {
    "test_case":"EXIST2025",
    "id":"420054",
    "value":"YES"
  },
  {
    "test_case":"EXIST2025",
    "id":"420055",
    "value":"NO"
  },
  {
    "test_case":"EXIST2025",
    "id":"420056",
    "value":"NO"
  },
  {
    "test_case":"EXIST2025",
    "id":"420057",
    "value":"NO"
  },
  {
    "test_case":"EXIST2025",
    "id":"420058",
    "value":"NO"
  },
  {
    "test_case":"EXIST2025",
    "id":"420059",
    "value":"NO"
  },
  {
    "test_case":"EXIST2025",
    "id":"420060",
    "value":"NO"
  },
  {
    "test_case":"EXIST2025",
    "id":"420061",
    "value":"NO"
  },
  {
    "test_case":"EXIST2025",
    "id":"420062",
    "value":"NO"
  },
  {
    "test_case":"EXIST2025",
    "id":"420063",
    "value":"NO"
  },
  {
    "test_case":"EXIST2025",
    "id":"420064",
    "value":"NO"
  },
  {
    "test_case":"EXIST2025",
    "id":"420065",
    "value":"YES"
  },
  {
    "test_case":"EXIST2025",
    "id":"420066",
    "value":"YES"
  },
  {
    "test_case":"EXIST2025",
    "id":"420067",
    "value":"NO"
  },
  {
    "test_case":"EXIST2025",
    "id":"420068",
    "value":"NO"
  },
  {
    "test_case":"EXIST2025",
    "id":"420069",
    "value":"YES"
  },
  {
    "test_case":"EXIST2025",
    "id":"420070",
    "value":"NO"
  },
  {
    "test_case":"EXIST2025",
    "id":"420071",
    "value":"NO"
  },
  {
    "test_case":"EXIST2025",
    "id":"420072",
    "value":"NO"
  },
  {
    "test_case":"EXIST2025",
    "id":"420073",
    "value":"NO"
  },
  {
    "test_case":"EXIST2025",
    "id":"420074",
    "value":"NO"
  },
  {
    "test_case":"EXIST2025",
    "id":"420075",
    "value":"NO"
  },
  {
    "test_case":"EXIST2025",
    "id":"420076",
    "value":"NO"
  },
  {
    "test_case":"EXIST2025",
    "id":"420077",
    "value":"NO"
  },
  {
    "test_case":"EXIST2025",
    "id":"420078",
    "value":"YES"
  },
  {
    "test_case":"EXIST2025",
    "id":"420079",
    "value":"YES"
  },
  {
    "test_case":"EXIST2025",
    "id":"420080",
    "value":"YES"
  },
  {
    "test_case":"EXIST2025",
    "id":"420081",
    "value":"YES"
  },
  {
    "test_case":"EXIST2025",
    "id":"420082",
    "value":"NO"
  },
  {
    "test_case":"EXIST2025",
    "id":"420083",
    "value":"NO"
  },
  {
    "test_case":"EXIST2025",
    "id":"420084",
    "value":"YES"
  },
  {
    "test_case":"EXIST2025",
    "id":"420085",
    "value":"NO"
  },
  {
    "test_case":"EXIST2025",
    "id":"420086",
    "value":"YES"
  },
  {
    "test_case":"EXIST2025",
    "id":"420087",
    "value":"YES"
  },
  {
    "test_case":"EXIST2025",
    "id":"420088",
    "value":"NO"
  },
  {
    "test_case":"EXIST2025",
    "id":"420089",
    "value":"YES"
  },
  {
    "test_case":"EXIST2025",
    "id":"420090",
    "value":"NO"
  },
  {
    "test_case":"EXIST2025",
    "id":"420091",
    "value":"YES"
  },
  {
    "test_case":"EXIST2025",
    "id":"420092",
    "value":"NO"
  },
  {
    "test_case":"EXIST2025",
    "id":"420093",
    "value":"YES"
  },
  {
    "test_case":"EXIST2025",
    "id":"420094",
    "value":"YES"
  },
  {
    "test_case":"EXIST2025",
    "id":"420095",
    "value":"NO"
  },
  {
    "test_case":"EXIST2025",
    "id":"420096",
    "value":"NO"
  },
  {
    "test_case":"EXIST2025",
    "id":"420097",
    "value":"YES"
  },
  {
    "test_case":"EXIST2025",
    "id":"420098",
    "value":"YES"
  },
  {
    "test_case":"EXIST2025",
    "id":"420099",
    "value":"NO"
  },
  {
    "test_case":"EXIST2025",
    "id":"420100",
    "value":"YES"
  },
  {
    "test_case":"EXIST2025",
    "id":"420101",
    "value":"NO"
  },
  {
    "test_case":"EXIST2025",
    "id":"420102",
    "value":"NO"
  },
  {
    "test_case":"EXIST2025",
    "id":"420103",
    "value":"YES"
  },
  {
    "test_case":"EXIST2025",
    "id":"420104",
    "value":"YES"
  },
  {
    "test_case":"EXIST2025",
    "id":"420105",
    "value":"YES"
  },
  {
    "test_case":"EXIST2025",
    "id":"420106",
    "value":"YES"
  },
  {
    "test_case":"EXIST2025",
    "id":"420107",
    "value":"YES"
  },
  {
    "test_case":"EXIST2025",
    "id":"420108",
    "value":"NO"
  },
  {
    "test_case":"EXIST2025",
    "id":"420109",
    "value":"NO"
  },
  {
    "test_case":"EXIST2025",
    "id":"420110",
    "value":"NO"
  },
  {
    "test_case":"EXIST2025",
    "id":"420111",
    "value":"YES"
  },
  {
    "test_case":"EXIST2025",
    "id":"420112",
    "value":"NO"
  },
  {
    "test_case":"EXIST2025",
    "id":"420113",
    "value":"NO"
  },
  {
    "test_case":"EXIST2025",
    "id":"420114",
    "value":"YES"
  },
  {
    "test_case":"EXIST2025",
    "id":"420115",
    "value":"YES"
  },
  {
    "test_case":"EXIST2025",
    "id":"420116",
    "value":"YES"
  },
  {
    "test_case":"EXIST2025",
    "id":"420117",
    "value":"YES"
  },
  {
    "test_case":"EXIST2025",
    "id":"420118",
    "value":"NO"
  },
  {
    "test_case":"EXIST2025",
    "id":"420119",
    "value":"NO"
  },
  {
    "test_case":"EXIST2025",
    "id":"420120",
    "value":"NO"
  },
  {
    "test_case":"EXIST2025",
    "id":"420121",
    "value":"NO"
  },
  {
    "test_case":"EXIST2025",
    "id":"420122",
    "value":"NO"
  },
  {
    "test_case":"EXIST2025",
    "id":"420123",
    "value":"NO"
  },
  {
    "test_case":"EXIST2025",
    "id":"420124",
    "value":"NO"
  },
  {
    "test_case":"EXIST2025",
    "id":"420125",
    "value":"YES"
  },
  {
    "test_case":"EXIST2025",
    "id":"420126",
    "value":"NO"
  },
  {
    "test_case":"EXIST2025",
    "id":"420127",
    "value":"YES"
  },
  {
    "test_case":"EXIST2025",
    "id":"420128",
    "value":"NO"
  },
  {
    "test_case":"EXIST2025",
    "id":"420129",
    "value":"YES"
  },
  {
    "test_case":"EXIST2025",
    "id":"420130",
    "value":"NO"
  },
  {
    "test_case":"EXIST2025",
    "id":"420131",
    "value":"YES"
  },
  {
    "test_case":"EXIST2025",
    "id":"420132",
    "value":"YES"
  },
  {
    "test_case":"EXIST2025",
    "id":"420133",
    "value":"YES"
  },
  {
    "test_case":"EXIST2025",
    "id":"420134",
    "value":"YES"
  },
  {
    "test_case":"EXIST2025",
    "id":"420135",
    "value":"NO"
  },
  {
    "test_case":"EXIST2025",
    "id":"420136",
    "value":"YES"
  },
  {
    "test_case":"EXIST2025",
    "id":"420137",
    "value":"NO"
  },
  {
    "test_case":"EXIST2025",
    "id":"420138",
    "value":"YES"
  },
  {
    "test_case":"EXIST2025",
    "id":"420139",
    "value":"NO"
  },
  {
    "test_case":"EXIST2025",
    "id":"420140",
    "value":"YES"
  },
  {
    "test_case":"EXIST2025",
    "id":"420141",
    "value":"NO"
  },
  {
    "test_case":"EXIST2025",
    "id":"420142",
    "value":"NO"
  },
  {
    "test_case":"EXIST2025",
    "id":"420143",
    "value":"YES"
  },
  {
    "test_case":"EXIST2025",
    "id":"420144",
    "value":"NO"
  },
  {
    "test_case":"EXIST2025",
    "id":"420145",
    "value":"NO"
  },
  {
    "test_case":"EXIST2025",
    "id":"420146",
    "value":"YES"
  },
  {
    "test_case":"EXIST2025",
    "id":"420147",
    "value":"YES"
  },
  {
    "test_case":"EXIST2025",
    "id":"420148",
    "value":"NO"
  },
  {
    "test_case":"EXIST2025",
    "id":"420149",
    "value":"NO"
  },
  {
    "test_case":"EXIST2025",
    "id":"420150",
    "value":"NO"
  },
  {
    "test_case":"EXIST2025",
    "id":"420151",
    "value":"YES"
  },
  {
    "test_case":"EXIST2025",
    "id":"420152",
    "value":"YES"
  },
  {
    "test_case":"EXIST2025",
    "id":"420153",
    "value":"NO"
  },
  {
    "test_case":"EXIST2025",
    "id":"420154",
    "value":"NO"
  },
  {
    "test_case":"EXIST2025",
    "id":"420155",
    "value":"NO"
  },
  {
    "test_case":"EXIST2025",
    "id":"420156",
    "value":"NO"
  },
  {
    "test_case":"EXIST2025",
    "id":"420157",
    "value":"YES"
  },
  {
    "test_case":"EXIST2025",
    "id":"420158",
    "value":"YES"
  },
  {
    "test_case":"EXIST2025",
    "id":"420159",
    "value":"YES"
  },
  {
    "test_case":"EXIST2025",
    "id":"420160",
    "value":"NO"
  },
  {
    "test_case":"EXIST2025",
    "id":"420161",
    "value":"NO"
  },
  {
    "test_case":"EXIST2025",
    "id":"420162",
    "value":"NO"
  },
  {
    "test_case":"EXIST2025",
    "id":"420163",
    "value":"NO"
  },
  {
    "test_case":"EXIST2025",
    "id":"420164",
    "value":"NO"
  },
  {
    "test_case":"EXIST2025",
    "id":"420165",
    "value":"NO"
  },
  {
    "test_case":"EXIST2025",
    "id":"420166",
    "value":"NO"
  },
  {
    "test_case":"EXIST2025",
    "id":"420167",
    "value":"NO"
  },
  {
    "test_case":"EXIST2025",
    "id":"420168",
    "value":"YES"
  },
  {
    "test_case":"EXIST2025",
    "id":"420169",
    "value":"NO"
  },
  {
    "test_case":"EXIST2025",
    "id":"420170",
    "value":"YES"
  },
  {
    "test_case":"EXIST2025",
    "id":"420171",
    "value":"NO"
  },
  {
    "test_case":"EXIST2025",
    "id":"420172",
    "value":"NO"
  },
  {
    "test_case":"EXIST2025",
    "id":"420173",
    "value":"NO"
  },
  {
    "test_case":"EXIST2025",
    "id":"420174",
    "value":"NO"
  },
  {
    "test_case":"EXIST2025",
    "id":"420175",
    "value":"NO"
  },
  {
    "test_case":"EXIST2025",
    "id":"420176",
    "value":"YES"
  },
  {
    "test_case":"EXIST2025",
    "id":"420177",
    "value":"NO"
  },
  {
    "test_case":"EXIST2025",
    "id":"420178",
    "value":"NO"
  },
  {
    "test_case":"EXIST2025",
    "id":"420179",
    "value":"YES"
  },
  {
    "test_case":"EXIST2025",
    "id":"420180",
    "value":"NO"
  },
  {
    "test_case":"EXIST2025",
    "id":"420181",
    "value":"YES"
  },
  {
    "test_case":"EXIST2025",
    "id":"420182",
    "value":"NO"
  },
  {
    "test_case":"EXIST2025",
    "id":"420183",
    "value":"NO"
  },
  {
    "test_case":"EXIST2025",
    "id":"420184",
    "value":"NO"
  },
  {
    "test_case":"EXIST2025",
    "id":"420185",
    "value":"YES"
  },
  {
    "test_case":"EXIST2025",
    "id":"420186",
    "value":"NO"
  },
  {
    "test_case":"EXIST2025",
    "id":"420187",
    "value":"NO"
  },
  {
    "test_case":"EXIST2025",
    "id":"420188",
    "value":"NO"
  },
  {
    "test_case":"EXIST2025",
    "id":"420189",
    "value":"NO"
  },
  {
    "test_case":"EXIST2025",
    "id":"420190",
    "value":"NO"
  },
  {
    "test_case":"EXIST2025",
    "id":"420191",
    "value":"NO"
  },
  {
    "test_case":"EXIST2025",
    "id":"420192",
    "value":"YES"
  },
  {
    "test_case":"EXIST2025",
    "id":"420193",
    "value":"NO"
  },
  {
    "test_case":"EXIST2025",
    "id":"420194",
    "value":"YES"
  },
  {
    "test_case":"EXIST2025",
    "id":"420195",
    "value":"NO"
  },
  {
    "test_case":"EXIST2025",
    "id":"420196",
    "value":"YES"
  },
  {
    "test_case":"EXIST2025",
    "id":"420197",
    "value":"NO"
  },
  {
    "test_case":"EXIST2025",
    "id":"420198",
    "value":"YES"
  },
  {
    "test_case":"EXIST2025",
    "id":"420199",
    "value":"YES"
  },
  {
    "test_case":"EXIST2025",
    "id":"420200",
    "value":"YES"
  },
  {
    "test_case":"EXIST2025",
    "id":"420201",
    "value":"YES"
  },
  {
    "test_case":"EXIST2025",
    "id":"420202",
    "value":"NO"
  },
  {
    "test_case":"EXIST2025",
    "id":"420203",
    "value":"YES"
  },
  {
    "test_case":"EXIST2025",
    "id":"420204",
    "value":"NO"
  },
  {
    "test_case":"EXIST2025",
    "id":"420205",
    "value":"NO"
  },
  {
    "test_case":"EXIST2025",
    "id":"420206",
    "value":"NO"
  },
  {
    "test_case":"EXIST2025",
    "id":"420207",
    "value":"YES"
  },
  {
    "test_case":"EXIST2025",
    "id":"420208",
    "value":"YES"
  },
  {
    "test_case":"EXIST2025",
    "id":"420209",
    "value":"NO"
  },
  {
    "test_case":"EXIST2025",
    "id":"420210",
    "value":"NO"
  },
  {
    "test_case":"EXIST2025",
    "id":"420211",
    "value":"YES"
  },
  {
    "test_case":"EXIST2025",
    "id":"420212",
    "value":"NO"
  },
  {
    "test_case":"EXIST2025",
    "id":"420213",
    "value":"YES"
  },
  {
    "test_case":"EXIST2025",
    "id":"420214",
    "value":"NO"
  },
  {
    "test_case":"EXIST2025",
    "id":"420215",
    "value":"NO"
  },
  {
    "test_case":"EXIST2025",
    "id":"420216",
    "value":"NO"
  },
  {
    "test_case":"EXIST2025",
    "id":"420217",
    "value":"NO"
  },
  {
    "test_case":"EXIST2025",
    "id":"420218",
    "value":"NO"
  },
  {
    "test_case":"EXIST2025",
    "id":"420219",
    "value":"NO"
  },
  {
    "test_case":"EXIST2025",
    "id":"420220",
    "value":"YES"
  },
  {
    "test_case":"EXIST2025",
    "id":"420221",
    "value":"YES"
  },
  {
    "test_case":"EXIST2025",
    "id":"420222",
    "value":"NO"
  },
  {
    "test_case":"EXIST2025",
    "id":"420223",
    "value":"YES"
  },
  {
    "test_case":"EXIST2025",
    "id":"420224",
    "value":"YES"
  },
  {
    "test_case":"EXIST2025",
    "id":"420225",
    "value":"YES"
  },
  {
    "test_case":"EXIST2025",
    "id":"420226",
    "value":"NO"
  },
  {
    "test_case":"EXIST2025",
    "id":"420227",
    "value":"YES"
  },
  {
    "test_case":"EXIST2025",
    "id":"420228",
    "value":"NO"
  },
  {
    "test_case":"EXIST2025",
    "id":"420229",
    "value":"NO"
  },
  {
    "test_case":"EXIST2025",
    "id":"420230",
    "value":"NO"
  },
  {
    "test_case":"EXIST2025",
    "id":"420231",
    "value":"NO"
  },
  {
    "test_case":"EXIST2025",
    "id":"420232",
    "value":"YES"
  },
  {
    "test_case":"EXIST2025",
    "id":"420233",
    "value":"YES"
  },
  {
    "test_case":"EXIST2025",
    "id":"420234",
    "value":"NO"
  },
  {
    "test_case":"EXIST2025",
    "id":"420235",
    "value":"NO"
  },
  {
    "test_case":"EXIST2025",
    "id":"420236",
    "value":"NO"
  },
  {
    "test_case":"EXIST2025",
    "id":"420237",
    "value":"YES"
  },
  {
    "test_case":"EXIST2025",
    "id":"420238",
    "value":"YES"
  },
  {
    "test_case":"EXIST2025",
    "id":"420239",
    "value":"NO"
  },
  {
    "test_case":"EXIST2025",
    "id":"420240",
    "value":"NO"
  },
  {
    "test_case":"EXIST2025",
    "id":"420241",
    "value":"YES"
  },
  {
    "test_case":"EXIST2025",
    "id":"420242",
    "value":"YES"
  },
  {
    "test_case":"EXIST2025",
    "id":"420243",
    "value":"NO"
  },
  {
    "test_case":"EXIST2025",
    "id":"420244",
    "value":"NO"
  },
  {
    "test_case":"EXIST2025",
    "id":"420245",
    "value":"YES"
  },
  {
    "test_case":"EXIST2025",
    "id":"420246",
    "value":"NO"
  },
  {
    "test_case":"EXIST2025",
    "id":"420247",
    "value":"NO"
  },
  {
    "test_case":"EXIST2025",
    "id":"420248",
    "value":"NO"
  },
  {
    "test_case":"EXIST2025",
    "id":"420249",
    "value":"NO"
  },
  {
    "test_case":"EXIST2025",
    "id":"420250",
    "value":"YES"
  },
  {
    "test_case":"EXIST2025",
    "id":"420251",
    "value":"NO"
  },
  {
    "test_case":"EXIST2025",
    "id":"420252",
    "value":"NO"
  },
  {
    "test_case":"EXIST2025",
    "id":"420253",
    "value":"YES"
  },
  {
    "test_case":"EXIST2025",
    "id":"420254",
    "value":"YES"
  },
  {
    "test_case":"EXIST2025",
    "id":"420255",
    "value":"YES"
  },
  {
    "test_case":"EXIST2025",
    "id":"420256",
    "value":"YES"
  },
  {
    "test_case":"EXIST2025",
    "id":"420257",
    "value":"YES"
  },
  {
    "test_case":"EXIST2025",
    "id":"420258",
    "value":"YES"
  },
  {
    "test_case":"EXIST2025",
    "id":"420259",
    "value":"NO"
  },
  {
    "test_case":"EXIST2025",
    "id":"420260",
    "value":"YES"
  },
  {
    "test_case":"EXIST2025",
    "id":"420261",
    "value":"NO"
  },
  {
    "test_case":"EXIST2025",
    "id":"420262",
    "value":"NO"
  },
  {
    "test_case":"EXIST2025",
    "id":"420263",
    "value":"YES"
  },
  {
    "test_case":"EXIST2025",
    "id":"420264",
    "value":"YES"
  },
  {
    "test_case":"EXIST2025",
    "id":"420265",
    "value":"YES"
  },
  {
    "test_case":"EXIST2025",
    "id":"420266",
    "value":"NO"
  },
  {
    "test_case":"EXIST2025",
    "id":"420267",
    "value":"NO"
  },
  {
    "test_case":"EXIST2025",
    "id":"420268",
    "value":"NO"
  },
  {
    "test_case":"EXIST2025",
    "id":"420269",
    "value":"YES"
  },
  {
    "test_case":"EXIST2025",
    "id":"420270",
    "value":"NO"
  },
  {
    "test_case":"EXIST2025",
    "id":"420271",
    "value":"YES"
  },
  {
    "test_case":"EXIST2025",
    "id":"420272",
    "value":"NO"
  },
  {
    "test_case":"EXIST2025",
    "id":"420273",
    "value":"NO"
  },
  {
    "test_case":"EXIST2025",
    "id":"420274",
    "value":"YES"
  },
  {
    "test_case":"EXIST2025",
    "id":"420275",
    "value":"YES"
  },
  {
    "test_case":"EXIST2025",
    "id":"420276",
    "value":"YES"
  },
  {
    "test_case":"EXIST2025",
    "id":"420277",
    "value":"NO"
  },
  {
    "test_case":"EXIST2025",
    "id":"420278",
    "value":"YES"
  },
  {
    "test_case":"EXIST2025",
    "id":"420279",
    "value":"YES"
  },
  {
    "test_case":"EXIST2025",
    "id":"420280",
    "value":"NO"
  },
  {
    "test_case":"EXIST2025",
    "id":"420281",
    "value":"NO"
  },
  {
    "test_case":"EXIST2025",
    "id":"420282",
    "value":"NO"
  },
  {
    "test_case":"EXIST2025",
    "id":"420283",
    "value":"NO"
  },
  {
    "test_case":"EXIST2025",
    "id":"420284",
    "value":"YES"
  },
  {
    "test_case":"EXIST2025",
    "id":"420285",
    "value":"NO"
  },
  {
    "test_case":"EXIST2025",
    "id":"420286",
    "value":"NO"
  },
  {
    "test_case":"EXIST2025",
    "id":"420287",
    "value":"NO"
  },
  {
    "test_case":"EXIST2025",
    "id":"420288",
    "value":"NO"
  },
  {
    "test_case":"EXIST2025",
    "id":"420289",
    "value":"YES"
  },
  {
    "test_case":"EXIST2025",
    "id":"420290",
    "value":"YES"
  },
  {
    "test_case":"EXIST2025",
    "id":"420291",
    "value":"YES"
  },
  {
    "test_case":"EXIST2025",
    "id":"420292",
    "value":"NO"
  },
  {
    "test_case":"EXIST2025",
    "id":"420293",
    "value":"YES"
  },
  {
    "test_case":"EXIST2025",
    "id":"420294",
    "value":"NO"
  },
  {
    "test_case":"EXIST2025",
    "id":"420295",
    "value":"NO"
  },
  {
    "test_case":"EXIST2025",
    "id":"420296",
    "value":"NO"
  },
  {
    "test_case":"EXIST2025",
    "id":"420297",
    "value":"YES"
  },
  {
    "test_case":"EXIST2025",
    "id":"420298",
    "value":"NO"
  },
  {
    "test_case":"EXIST2025",
    "id":"420299",
    "value":"YES"
  },
  {
    "test_case":"EXIST2025",
    "id":"420300",
    "value":"YES"
  },
  {
    "test_case":"EXIST2025",
    "id":"420301",
    "value":"YES"
  },
  {
    "test_case":"EXIST2025",
    "id":"420302",
    "value":"NO"
  },
  {
    "test_case":"EXIST2025",
    "id":"420303",
    "value":"NO"
  },
  {
    "test_case":"EXIST2025",
    "id":"420304",
    "value":"YES"
  },
  {
    "test_case":"EXIST2025",
    "id":"420305",
    "value":"YES"
  },
  {
    "test_case":"EXIST2025",
    "id":"420306",
    "value":"YES"
  },
  {
    "test_case":"EXIST2025",
    "id":"420307",
    "value":"NO"
  },
  {
    "test_case":"EXIST2025",
    "id":"420308",
    "value":"YES"
  },
  {
    "test_case":"EXIST2025",
    "id":"420309",
    "value":"YES"
  },
  {
    "test_case":"EXIST2025",
    "id":"420310",
    "value":"NO"
  },
  {
    "test_case":"EXIST2025",
    "id":"420311",
    "value":"YES"
  },
  {
    "test_case":"EXIST2025",
    "id":"420312",
    "value":"NO"
  },
  {
    "test_case":"EXIST2025",
    "id":"420313",
    "value":"YES"
  },
  {
    "test_case":"EXIST2025",
    "id":"420314",
    "value":"YES"
  },
  {
    "test_case":"EXIST2025",
    "id":"420315",
    "value":"NO"
  },
  {
    "test_case":"EXIST2025",
    "id":"420316",
    "value":"NO"
  },
  {
    "test_case":"EXIST2025",
    "id":"420317",
    "value":"NO"
  },
  {
    "test_case":"EXIST2025",
    "id":"420318",
    "value":"NO"
  },
  {
    "test_case":"EXIST2025",
    "id":"420319",
    "value":"NO"
  },
  {
    "test_case":"EXIST2025",
    "id":"420320",
    "value":"NO"
  },
  {
    "test_case":"EXIST2025",
    "id":"420321",
    "value":"YES"
  },
  {
    "test_case":"EXIST2025",
    "id":"420322",
    "value":"YES"
  },
  {
    "test_case":"EXIST2025",
    "id":"420323",
    "value":"YES"
  },
  {
    "test_case":"EXIST2025",
    "id":"420324",
    "value":"NO"
  },
  {
    "test_case":"EXIST2025",
    "id":"420325",
    "value":"YES"
  },
  {
    "test_case":"EXIST2025",
    "id":"420326",
    "value":"NO"
  },
  {
    "test_case":"EXIST2025",
    "id":"420327",
    "value":"YES"
  },
  {
    "test_case":"EXIST2025",
    "id":"420328",
    "value":"NO"
  },
  {
    "test_case":"EXIST2025",
    "id":"420329",
    "value":"YES"
  },
  {
    "test_case":"EXIST2025",
    "id":"420330",
    "value":"YES"
  },
  {
    "test_case":"EXIST2025",
    "id":"420331",
    "value":"NO"
  },
  {
    "test_case":"EXIST2025",
    "id":"420332",
    "value":"NO"
  },
  {
    "test_case":"EXIST2025",
    "id":"420333",
    "value":"NO"
  },
  {
    "test_case":"EXIST2025",
    "id":"420334",
    "value":"YES"
  },
  {
    "test_case":"EXIST2025",
    "id":"420335",
    "value":"NO"
  },
  {
    "test_case":"EXIST2025",
    "id":"420336",
    "value":"YES"
  },
  {
    "test_case":"EXIST2025",
    "id":"420337",
    "value":"NO"
  },
  {
    "test_case":"EXIST2025",
    "id":"420338",
    "value":"YES"
  },
  {
    "test_case":"EXIST2025",
    "id":"420339",
    "value":"YES"
  },
  {
    "test_case":"EXIST2025",
    "id":"420340",
    "value":"NO"
  },
  {
    "test_case":"EXIST2025",
    "id":"420341",
    "value":"NO"
  },
  {
    "test_case":"EXIST2025",
    "id":"420342",
    "value":"YES"
  },
  {
    "test_case":"EXIST2025",
    "id":"420343",
    "value":"YES"
  },
  {
    "test_case":"EXIST2025",
    "id":"420344",
    "value":"NO"
  },
  {
    "test_case":"EXIST2025",
    "id":"420345",
    "value":"YES"
  },
  {
    "test_case":"EXIST2025",
    "id":"420346",
    "value":"YES"
  },
  {
    "test_case":"EXIST2025",
    "id":"420347",
    "value":"YES"
  },
  {
    "test_case":"EXIST2025",
    "id":"420348",
    "value":"YES"
  },
  {
    "test_case":"EXIST2025",
    "id":"420349",
    "value":"NO"
  },
  {
    "test_case":"EXIST2025",
    "id":"420350",
    "value":"YES"
  },
  {
    "test_case":"EXIST2025",
    "id":"420351",
    "value":"NO"
  },
  {
    "test_case":"EXIST2025",
    "id":"420352",
    "value":"NO"
  },
  {
    "test_case":"EXIST2025",
    "id":"420353",
    "value":"YES"
  },
  {
    "test_case":"EXIST2025",
    "id":"420354",
    "value":"YES"
  },
  {
    "test_case":"EXIST2025",
    "id":"420355",
    "value":"YES"
  },
  {
    "test_case":"EXIST2025",
    "id":"420356",
    "value":"NO"
  },
  {
    "test_case":"EXIST2025",
    "id":"420357",
    "value":"NO"
  },
  {
    "test_case":"EXIST2025",
    "id":"420358",
    "value":"NO"
  },
  {
    "test_case":"EXIST2025",
    "id":"420359",
    "value":"NO"
  },
  {
    "test_case":"EXIST2025",
    "id":"420360",
    "value":"YES"
  },
  {
    "test_case":"EXIST2025",
    "id":"420361",
    "value":"YES"
  },
  {
    "test_case":"EXIST2025",
    "id":"420362",
    "value":"YES"
  },
  {
    "test_case":"EXIST2025",
    "id":"420363",
    "value":"YES"
  },
  {
    "test_case":"EXIST2025",
    "id":"420364",
    "value":"YES"
  },
  {
    "test_case":"EXIST2025",
    "id":"420365",
    "value":"YES"
  },
  {
    "test_case":"EXIST2025",
    "id":"420366",
    "value":"YES"
  },
  {
    "test_case":"EXIST2025",
    "id":"420367",
    "value":"NO"
  },
  {
    "test_case":"EXIST2025",
    "id":"420368",
    "value":"YES"
  },
  {
    "test_case":"EXIST2025",
    "id":"420369",
    "value":"YES"
  },
  {
    "test_case":"EXIST2025",
    "id":"420370",
    "value":"NO"
  }
]