[
  {
    "test_case":"EXIST2025",
    "id":"420001",
    "value":{
      "YES":0.9322679639,
      "NO":0.0677319691
    }
  },
  {
    "test_case":"EXIST2025",
    "id":"420002",
    "value":{
      "YES":0.9762569666,
      "NO":0.0237430185
    }
  },
  {
    "test_case":"EXIST2025",
    "id":"420003",
    "value":{
      "YES":0.0085741691,
      "NO":0.9914258718
    }
  },
  {
    "test_case":"EXIST2025",
    "id":"420004",
    "value":{
      "YES":0.7831618786,
      "NO":0.216838181
    }
  },
  {
    "test_case":"EXIST2025",
    "id":"420005",
    "value":{
      "YES":0.0166908782,
      "NO":0.9833090901
    }
  },
  {
    "test_case":"EXIST2025",
    "id":"420006",
    "value":{
      "YES":0.9627339244,
      "NO":0.0372660607
    }
  },
  {
    "test_case":"EXIST2025",
    "id":"420007",
    "value":{
      "YES":0.8304139376,
      "NO":0.1695860624
    }
  },
  {
    "test_case":"EXIST2025",
    "id":"420008",
    "value":{
      "YES":0.9734637737,
      "NO":0.0265362673
    }
  },
  {
    "test_case":"EXIST2025",
    "id":"420009",
    "value":{
      "YES":0.7029002905,
      "NO":0.2970997095
    }
  },
  {
    "test_case":"EXIST2025",
    "id":"420010",
    "value":{
      "YES":0.9767780304,
      "NO":0.0232219286
    }
  },
  {
    "test_case":"EXIST2025",
    "id":"420011",
    "value":{
      "YES":0.0237426646,
      "NO":0.9762573242
    }
  },
  {
    "test_case":"EXIST2025",
    "id":"420012",
    "value":{
      "YES":0.5279167891,
      "NO":0.4720832109
    }
  },
  {
    "test_case":"EXIST2025",
    "id":"420013",
    "value":{
      "YES":0.0304240584,
      "NO":0.9695759416
    }
  },
  {
    "test_case":"EXIST2025",
    "id":"420014",
    "value":{
      "YES":0.4140662849,
      "NO":0.5859337449
    }
  },
  {
    "test_case":"EXIST2025",
    "id":"420015",
    "value":{
      "YES":0.0110115297,
      "NO":0.9889884591
    }
  },
  {
    "test_case":"EXIST2025",
    "id":"420016",
    "value":{
      "YES":0.0034065975,
      "NO":0.9965934157
    }
  },
  {
    "test_case":"EXIST2025",
    "id":"420017",
    "value":{
      "YES":0.006138491,
      "NO":0.9938615561
    }
  },
  {
    "test_case":"EXIST2025",
    "id":"420018",
    "value":{
      "YES":0.9809833169,
      "NO":0.0190166663
    }
  },
  {
    "test_case":"EXIST2025",
    "id":"420019",
    "value":{
      "YES":0.9176446199,
      "NO":0.0823553875
    }
  },
  {
    "test_case":"EXIST2025",
    "id":"420020",
    "value":{
      "YES":0.8635950089,
      "NO":0.1364050061
    }
  },
  {
    "test_case":"EXIST2025",
    "id":"420021",
    "value":{
      "YES":0.6965961456,
      "NO":0.3034038544
    }
  },
  {
    "test_case":"EXIST2025",
    "id":"420022",
    "value":{
      "YES":0.5510257483,
      "NO":0.4489742517
    }
  },
  {
    "test_case":"EXIST2025",
    "id":"420023",
    "value":{
      "YES":0.4087926149,
      "NO":0.5912073255
    }
  },
  {
    "test_case":"EXIST2025",
    "id":"420024",
    "value":{
      "YES":0.759899497,
      "NO":0.2401005328
    }
  },
  {
    "test_case":"EXIST2025",
    "id":"420025",
    "value":{
      "YES":0.6830306649,
      "NO":0.3169692755
    }
  },
  {
    "test_case":"EXIST2025",
    "id":"420026",
    "value":{
      "YES":0.9666541219,
      "NO":0.0333459005
    }
  },
  {
    "test_case":"EXIST2025",
    "id":"420027",
    "value":{
      "YES":0.9774443507,
      "NO":0.0225557163
    }
  },
  {
    "test_case":"EXIST2025",
    "id":"420028",
    "value":{
      "YES":0.5077893138,
      "NO":0.492210716
    }
  },
  {
    "test_case":"EXIST2025",
    "id":"420029",
    "value":{
      "YES":0.8597706556,
      "NO":0.1402293593
    }
  },
  {
    "test_case":"EXIST2025",
    "id":"420030",
    "value":{
      "YES":0.9408900738,
      "NO":0.059109956
    }
  },
  {
    "test_case":"EXIST2025",
    "id":"420031",
    "value":{
      "YES":0.3197277486,
      "NO":0.6802722216
    }
  },
  {
    "test_case":"EXIST2025",
    "id":"420032",
    "value":{
      "YES":0.789914608,
      "NO":0.210085392
    }
  },
  {
    "test_case":"EXIST2025",
    "id":"420033",
    "value":{
      "YES":0.5312203169,
      "NO":0.4687796831
    }
  },
  {
    "test_case":"EXIST2025",
    "id":"420034",
    "value":{
      "YES":0.9643517137,
      "NO":0.0356483646
    }
  },
  {
    "test_case":"EXIST2025",
    "id":"420035",
    "value":{
      "YES":0.0246739816,
      "NO":0.975325942
    }
  },
  {
    "test_case":"EXIST2025",
    "id":"420036",
    "value":{
      "YES":0.7431649566,
      "NO":0.256835103
    }
  },
  {
    "test_case":"EXIST2025",
    "id":"420037",
    "value":{
      "YES":0.8508440852,
      "NO":0.1491559297
    }
  },
  {
    "test_case":"EXIST2025",
    "id":"420038",
    "value":{
      "YES":0.9542235732,
      "NO":0.0457764603
    }
  },
  {
    "test_case":"EXIST2025",
    "id":"420039",
    "value":{
      "YES":0.0045566023,
      "NO":0.9954433441
    }
  },
  {
    "test_case":"EXIST2025",
    "id":"420040",
    "value":{
      "YES":0.5985633731,
      "NO":0.4014366567
    }
  },
  {
    "test_case":"EXIST2025",
    "id":"420041",
    "value":{
      "YES":0.9577749968,
      "NO":0.0422250628
    }
  },
  {
    "test_case":"EXIST2025",
    "id":"420042",
    "value":{
      "YES":0.0049294056,
      "NO":0.9950705767
    }
  },
  {
    "test_case":"EXIST2025",
    "id":"420043",
    "value":{
      "YES":0.7992364764,
      "NO":0.2007635087
    }
  },
  {
    "test_case":"EXIST2025",
    "id":"420044",
    "value":{
      "YES":0.9592896104,
      "NO":0.0407103598
    }
  },
  {
    "test_case":"EXIST2025",
    "id":"420045",
    "value":{
      "YES":0.709753871,
      "NO":0.2902461588
    }
  },
  {
    "test_case":"EXIST2025",
    "id":"420046",
    "value":{
      "YES":0.5603289008,
      "NO":0.439671129
    }
  },
  {
    "test_case":"EXIST2025",
    "id":"420047",
    "value":{
      "YES":0.0075456873,
      "NO":0.99245435
    }
  },
  {
    "test_case":"EXIST2025",
    "id":"420048",
    "value":{
      "YES":0.8956699967,
      "NO":0.1043299362
    }
  },
  {
    "test_case":"EXIST2025",
    "id":"420049",
    "value":{
      "YES":0.0469883345,
      "NO":0.9530116916
    }
  },
  {
    "test_case":"EXIST2025",
    "id":"420050",
    "value":{
      "YES":0.9812167883,
      "NO":0.0187832173
    }
  },
  {
    "test_case":"EXIST2025",
    "id":"420051",
    "value":{
      "YES":0.7378153801,
      "NO":0.2621845901
    }
  },
  {
    "test_case":"EXIST2025",
    "id":"420052",
    "value":{
      "YES":0.4736160934,
      "NO":0.5263838768
    }
  },
  {
    "test_case":"EXIST2025",
    "id":"420053",
    "value":{
      "YES":0.920060873,
      "NO":0.0799391195
    }
  },
  {
    "test_case":"EXIST2025",
    "id":"420054",
    "value":{
      "YES":0.0215200707,
      "NO":0.9784799218
    }
  },
  {
    "test_case":"EXIST2025",
    "id":"420055",
    "value":{
      "YES":0.9674277902,
      "NO":0.0325721726
    }
  },
  {
    "test_case":"EXIST2025",
    "id":"420056",
    "value":{
      "YES":0.7684441805,
      "NO":0.2315558344
    }
  },
  {
    "test_case":"EXIST2025",
    "id":"420057",
    "value":{
      "YES":0.9597880244,
      "NO":0.0402119942
    }
  },
  {
    "test_case":"EXIST2025",
    "id":"420058",
    "value":{
      "YES":0.7713887095,
      "NO":0.2286112905
    }
  },
  {
    "test_case":"EXIST2025",
    "id":"420059",
    "value":{
      "YES":0.0228437502,
      "NO":0.9771562815
    }
  },
  {
    "test_case":"EXIST2025",
    "id":"420060",
    "value":{
      "YES":0.2363225371,
      "NO":0.7636774182
    }
  },
  {
    "test_case":"EXIST2025",
    "id":"420061",
    "value":{
      "YES":0.9147100449,
      "NO":0.0852899477
    }
  },
  {
    "test_case":"EXIST2025",
    "id":"420062",
    "value":{
      "YES":0.5165188909,
      "NO":0.4834810793
    }
  },
  {
    "test_case":"EXIST2025",
    "id":"420063",
    "value":{
      "YES":0.1195395067,
      "NO":0.8804605603
    }
  },
  {
    "test_case":"EXIST2025",
    "id":"420064",
    "value":{
      "YES":0.9930695891,
      "NO":0.0069303368
    }
  },
  {
    "test_case":"EXIST2025",
    "id":"420065",
    "value":{
      "YES":0.2222468704,
      "NO":0.7777531147
    }
  },
  {
    "test_case":"EXIST2025",
    "id":"420066",
    "value":{
      "YES":0.4974662662,
      "NO":0.5025337338
    }
  },
  {
    "test_case":"EXIST2025",
    "id":"420067",
    "value":{
      "YES":0.992692709,
      "NO":0.0073072631
    }
  },
  {
    "test_case":"EXIST2025",
    "id":"420068",
    "value":{
      "YES":0.9376643896,
      "NO":0.0623355806
    }
  },
  {
    "test_case":"EXIST2025",
    "id":"420069",
    "value":{
      "YES":0.4270299077,
      "NO":0.5729700923
    }
  },
  {
    "test_case":"EXIST2025",
    "id":"420070",
    "value":{
      "YES":0.8033903837,
      "NO":0.1966096312
    }
  },
  {
    "test_case":"EXIST2025",
    "id":"420071",
    "value":{
      "YES":0.6439498067,
      "NO":0.3560502231
    }
  },
  {
    "test_case":"EXIST2025",
    "id":"420072",
    "value":{
      "YES":0.2898788452,
      "NO":0.7101211548
    }
  },
  {
    "test_case":"EXIST2025",
    "id":"420073",
    "value":{
      "YES":0.7614924908,
      "NO":0.2385075241
    }
  },
  {
    "test_case":"EXIST2025",
    "id":"420074",
    "value":{
      "YES":0.9631686807,
      "NO":0.0368313193
    }
  },
  {
    "test_case":"EXIST2025",
    "id":"420075",
    "value":{
      "YES":0.869731307,
      "NO":0.1302686632
    }
  },
  {
    "test_case":"EXIST2025",
    "id":"420076",
    "value":{
      "YES":0.2092344016,
      "NO":0.7907656431
    }
  },
  {
    "test_case":"EXIST2025",
    "id":"420077",
    "value":{
      "YES":0.9861315489,
      "NO":0.0138684474
    }
  },
  {
    "test_case":"EXIST2025",
    "id":"420078",
    "value":{
      "YES":0.2185465395,
      "NO":0.7814534307
    }
  },
  {
    "test_case":"EXIST2025",
    "id":"420079",
    "value":{
      "YES":0.0777134001,
      "NO":0.9222866297
    }
  },
  {
    "test_case":"EXIST2025",
    "id":"420080",
    "value":{
      "YES":0.0062897289,
      "NO":0.9937102795
    }
  },
  {
    "test_case":"EXIST2025",
    "id":"420081",
    "value":{
      "YES":0.736698091,
      "NO":0.2633019388
    }
  },
  {
    "test_case":"EXIST2025",
    "id":"420082",
    "value":{
      "YES":0.6568783522,
      "NO":0.3431216478
    }
  },
  {
    "test_case":"EXIST2025",
    "id":"420083",
    "value":{
      "YES":0.6463444233,
      "NO":0.3536556363
    }
  },
  {
    "test_case":"EXIST2025",
    "id":"420084",
    "value":{
      "YES":0.0102186957,
      "NO":0.9897812605
    }
  },
  {
    "test_case":"EXIST2025",
    "id":"420085",
    "value":{
      "YES":0.6008105874,
      "NO":0.3991894126
    }
  },
  {
    "test_case":"EXIST2025",
    "id":"420086",
    "value":{
      "YES":0.1970562637,
      "NO":0.8029437661
    }
  },
  {
    "test_case":"EXIST2025",
    "id":"420087",
    "value":{
      "YES":0.4869271517,
      "NO":0.5130727887
    }
  },
  {
    "test_case":"EXIST2025",
    "id":"420088",
    "value":{
      "YES":0.892950356,
      "NO":0.1070495769
    }
  },
  {
    "test_case":"EXIST2025",
    "id":"420089",
    "value":{
      "YES":0.0038930415,
      "NO":0.9961069226
    }
  },
  {
    "test_case":"EXIST2025",
    "id":"420090",
    "value":{
      "YES":0.8555820584,
      "NO":0.1444179714
    }
  },
  {
    "test_case":"EXIST2025",
    "id":"420091",
    "value":{
      "YES":0.8794594407,
      "NO":0.1205405667
    }
  },
  {
    "test_case":"EXIST2025",
    "id":"420092",
    "value":{
      "YES":0.171949476,
      "NO":0.8280504942
    }
  },
  {
    "test_case":"EXIST2025",
    "id":"420093",
    "value":{
      "YES":0.6402693987,
      "NO":0.3597306013
    }
  },
  {
    "test_case":"EXIST2025",
    "id":"420094",
    "value":{
      "YES":0.1578676552,
      "NO":0.8421323299
    }
  },
  {
    "test_case":"EXIST2025",
    "id":"420095",
    "value":{
      "YES":0.9203355312,
      "NO":0.079664506
    }
  },
  {
    "test_case":"EXIST2025",
    "id":"420096",
    "value":{
      "YES":0.9366836548,
      "NO":0.0633163229
    }
  },
  {
    "test_case":"EXIST2025",
    "id":"420097",
    "value":{
      "YES":0.2043274492,
      "NO":0.7956725955
    }
  },
  {
    "test_case":"EXIST2025",
    "id":"420098",
    "value":{
      "YES":0.7700630426,
      "NO":0.2299368978
    }
  },
  {
    "test_case":"EXIST2025",
    "id":"420099",
    "value":{
      "YES":0.4543711841,
      "NO":0.5456287861
    }
  },
  {
    "test_case":"EXIST2025",
    "id":"420100",
    "value":{
      "YES":0.0404425152,
      "NO":0.9595574737
    }
  },
  {
    "test_case":"EXIST2025",
    "id":"420101",
    "value":{
      "YES":0.6013497114,
      "NO":0.3986503184
    }
  },
  {
    "test_case":"EXIST2025",
    "id":"420102",
    "value":{
      "YES":0.5770871043,
      "NO":0.4229128957
    }
  },
  {
    "test_case":"EXIST2025",
    "id":"420103",
    "value":{
      "YES":0.2227962017,
      "NO":0.7772037983
    }
  },
  {
    "test_case":"EXIST2025",
    "id":"420104",
    "value":{
      "YES":0.0633141473,
      "NO":0.9366858602
    }
  },
  {
    "test_case":"EXIST2025",
    "id":"420105",
    "value":{
      "YES":0.2552009821,
      "NO":0.7447990179
    }
  },
  {
    "test_case":"EXIST2025",
    "id":"420106",
    "value":{
      "YES":0.0127062714,
      "NO":0.9872937202
    }
  },
  {
    "test_case":"EXIST2025",
    "id":"420107",
    "value":{
      "YES":0.0168947447,
      "NO":0.9831052423
    }
  },
  {
    "test_case":"EXIST2025",
    "id":"420108",
    "value":{
      "YES":0.9818368554,
      "NO":0.0181630775
    }
  },
  {
    "test_case":"EXIST2025",
    "id":"420109",
    "value":{
      "YES":0.9890298247,
      "NO":0.0109701892
    }
  },
  {
    "test_case":"EXIST2025",
    "id":"420110",
    "value":{
      "YES":0.9899938703,
      "NO":0.0100061568
    }
  },
  {
    "test_case":"EXIST2025",
    "id":"420111",
    "value":{
      "YES":0.1904539466,
      "NO":0.8095459938
    }
  },
  {
    "test_case":"EXIST2025",
    "id":"420112",
    "value":{
      "YES":0.8965343833,
      "NO":0.1034656018
    }
  },
  {
    "test_case":"EXIST2025",
    "id":"420113",
    "value":{
      "YES":0.8386838436,
      "NO":0.1613161117
    }
  },
  {
    "test_case":"EXIST2025",
    "id":"420114",
    "value":{
      "YES":0.5969685912,
      "NO":0.4030314088
    }
  },
  {
    "test_case":"EXIST2025",
    "id":"420115",
    "value":{
      "YES":0.0183834191,
      "NO":0.9816166162
    }
  },
  {
    "test_case":"EXIST2025",
    "id":"420116",
    "value":{
      "YES":0.0397574529,
      "NO":0.9602425694
    }
  },
  {
    "test_case":"EXIST2025",
    "id":"420117",
    "value":{
      "YES":0.4771394134,
      "NO":0.5228605866
    }
  },
  {
    "test_case":"EXIST2025",
    "id":"420118",
    "value":{
      "YES":0.975934267,
      "NO":0.0240656678
    }
  },
  {
    "test_case":"EXIST2025",
    "id":"420119",
    "value":{
      "YES":0.949221909,
      "NO":0.0507781506
    }
  },
  {
    "test_case":"EXIST2025",
    "id":"420120",
    "value":{
      "YES":0.9727765322,
      "NO":0.0272234604
    }
  },
  {
    "test_case":"EXIST2025",
    "id":"420121",
    "value":{
      "YES":0.8487866521,
      "NO":0.1512132883
    }
  },
  {
    "test_case":"EXIST2025",
    "id":"420122",
    "value":{
      "YES":0.1824080646,
      "NO":0.8175919652
    }
  },
  {
    "test_case":"EXIST2025",
    "id":"420123",
    "value":{
      "YES":0.9699739218,
      "NO":0.0300261322
    }
  },
  {
    "test_case":"EXIST2025",
    "id":"420124",
    "value":{
      "YES":0.8695368171,
      "NO":0.1304631829
    }
  },
  {
    "test_case":"EXIST2025",
    "id":"420125",
    "value":{
      "YES":0.1796164066,
      "NO":0.8203836083
    }
  },
  {
    "test_case":"EXIST2025",
    "id":"420126",
    "value":{
      "YES":0.5537685752,
      "NO":0.446231395
    }
  },
  {
    "test_case":"EXIST2025",
    "id":"420127",
    "value":{
      "YES":0.8875293732,
      "NO":0.1124706119
    }
  },
  {
    "test_case":"EXIST2025",
    "id":"420128",
    "value":{
      "YES":0.4549579918,
      "NO":0.5450419784
    }
  },
  {
    "test_case":"EXIST2025",
    "id":"420129",
    "value":{
      "YES":0.8734459281,
      "NO":0.1265540868
    }
  },
  {
    "test_case":"EXIST2025",
    "id":"420130",
    "value":{
      "YES":0.0769686103,
      "NO":0.9230313897
    }
  },
  {
    "test_case":"EXIST2025",
    "id":"420131",
    "value":{
      "YES":0.0018097267,
      "NO":0.9981902242
    }
  },
  {
    "test_case":"EXIST2025",
    "id":"420132",
    "value":{
      "YES":0.5917108059,
      "NO":0.4082891643
    }
  },
  {
    "test_case":"EXIST2025",
    "id":"420133",
    "value":{
      "YES":0.0051057297,
      "NO":0.9948942661
    }
  },
  {
    "test_case":"EXIST2025",
    "id":"420134",
    "value":{
      "YES":0.0187291764,
      "NO":0.9812708497
    }
  },
  {
    "test_case":"EXIST2025",
    "id":"420135",
    "value":{
      "YES":0.769097209,
      "NO":0.2309027761
    }
  },
  {
    "test_case":"EXIST2025",
    "id":"420136",
    "value":{
      "YES":0.0052993563,
      "NO":0.9947006702
    }
  },
  {
    "test_case":"EXIST2025",
    "id":"420137",
    "value":{
      "YES":0.7059311867,
      "NO":0.2940687835
    }
  },
  {
    "test_case":"EXIST2025",
    "id":"420138",
    "value":{
      "YES":0.144384563,
      "NO":0.855615437
    }
  },
  {
    "test_case":"EXIST2025",
    "id":"420139",
    "value":{
      "YES":0.9986659288,
      "NO":0.0013341099
    }
  },
  {
    "test_case":"EXIST2025",
    "id":"420140",
    "value":{
      "YES":0.1537247002,
      "NO":0.84627527
    }
  },
  {
    "test_case":"EXIST2025",
    "id":"420141",
    "value":{
      "YES":0.8953340054,
      "NO":0.1046659872
    }
  },
  {
    "test_case":"EXIST2025",
    "id":"420142",
    "value":{
      "YES":0.8936671019,
      "NO":0.106332913
    }
  },
  {
    "test_case":"EXIST2025",
    "id":"420143",
    "value":{
      "YES":0.0324326679,
      "NO":0.9675673842
    }
  },
  {
    "test_case":"EXIST2025",
    "id":"420144",
    "value":{
      "YES":0.9684067965,
      "NO":0.0315931961
    }
  },
  {
    "test_case":"EXIST2025",
    "id":"420145",
    "value":{
      "YES":0.4899254739,
      "NO":0.5100744963
    }
  },
  {
    "test_case":"EXIST2025",
    "id":"420146",
    "value":{
      "YES":0.0042792223,
      "NO":0.9957208037
    }
  },
  {
    "test_case":"EXIST2025",
    "id":"420147",
    "value":{
      "YES":0.6703297496,
      "NO":0.3296702206
    }
  },
  {
    "test_case":"EXIST2025",
    "id":"420148",
    "value":{
      "YES":0.6960968971,
      "NO":0.3039030731
    }
  },
  {
    "test_case":"EXIST2025",
    "id":"420149",
    "value":{
      "YES":0.9883570075,
      "NO":0.011643026
    }
  },
  {
    "test_case":"EXIST2025",
    "id":"420150",
    "value":{
      "YES":0.9913206697,
      "NO":0.0086792829
    }
  },
  {
    "test_case":"EXIST2025",
    "id":"420151",
    "value":{
      "YES":0.1460976303,
      "NO":0.8539023995
    }
  },
  {
    "test_case":"EXIST2025",
    "id":"420152",
    "value":{
      "YES":0.879917562,
      "NO":0.1200823709
    }
  },
  {
    "test_case":"EXIST2025",
    "id":"420153",
    "value":{
      "YES":0.8045707941,
      "NO":0.1954292357
    }
  },
  {
    "test_case":"EXIST2025",
    "id":"420154",
    "value":{
      "YES":0.1648330837,
      "NO":0.8351669312
    }
  },
  {
    "test_case":"EXIST2025",
    "id":"420155",
    "value":{
      "YES":0.6843202114,
      "NO":0.3156797886
    }
  },
  {
    "test_case":"EXIST2025",
    "id":"420156",
    "value":{
      "YES":0.84599787,
      "NO":0.1540021449
    }
  },
  {
    "test_case":"EXIST2025",
    "id":"420157",
    "value":{
      "YES":0.2865054011,
      "NO":0.7134945989
    }
  },
  {
    "test_case":"EXIST2025",
    "id":"420158",
    "value":{
      "YES":0.4829570949,
      "NO":0.5170428753
    }
  },
  {
    "test_case":"EXIST2025",
    "id":"420159",
    "value":{
      "YES":0.0459203646,
      "NO":0.954079628
    }
  },
  {
    "test_case":"EXIST2025",
    "id":"420160",
    "value":{
      "YES":0.826400876,
      "NO":0.1735991091
    }
  },
  {
    "test_case":"EXIST2025",
    "id":"420161",
    "value":{
      "YES":0.9485653043,
      "NO":0.051434692
    }
  },
  {
    "test_case":"EXIST2025",
    "id":"420162",
    "value":{
      "YES":0.9119121432,
      "NO":0.0880878344
    }
  },
  {
    "test_case":"EXIST2025",
    "id":"420163",
    "value":{
      "YES":0.9791098833,
      "NO":0.020890126
    }
  },
  {
    "test_case":"EXIST2025",
    "id":"420164",
    "value":{
      "YES":0.9470996261,
      "NO":0.0529004261
    }
  },
  {
    "test_case":"EXIST2025",
    "id":"420165",
    "value":{
      "YES":0.5623508692,
      "NO":0.437649101
    }
  },
  {
    "test_case":"EXIST2025",
    "id":"420166",
    "value":{
      "YES":0.9672063589,
      "NO":0.0327936374
    }
  },
  {
    "test_case":"EXIST2025",
    "id":"420167",
    "value":{
      "YES":0.576448977,
      "NO":0.4235509634
    }
  },
  {
    "test_case":"EXIST2025",
    "id":"420168",
    "value":{
      "YES":0.0968340561,
      "NO":0.9031659365
    }
  },
  {
    "test_case":"EXIST2025",
    "id":"420169",
    "value":{
      "YES":0.992734313,
      "NO":0.0072657075
    }
  },
  {
    "test_case":"EXIST2025",
    "id":"420170",
    "value":{
      "YES":0.9629023671,
      "NO":0.0370975845
    }
  },
  {
    "test_case":"EXIST2025",
    "id":"420171",
    "value":{
      "YES":0.9750994444,
      "NO":0.024900604
    }
  },
  {
    "test_case":"EXIST2025",
    "id":"420172",
    "value":{
      "YES":0.982790947,
      "NO":0.0172090344
    }
  },
  {
    "test_case":"EXIST2025",
    "id":"420173",
    "value":{
      "YES":0.5472101569,
      "NO":0.4527898431
    }
  },
  {
    "test_case":"EXIST2025",
    "id":"420174",
    "value":{
      "YES":0.9799413681,
      "NO":0.0200585872
    }
  },
  {
    "test_case":"EXIST2025",
    "id":"420175",
    "value":{
      "YES":0.8383055925,
      "NO":0.1616944224
    }
  },
  {
    "test_case":"EXIST2025",
    "id":"420176",
    "value":{
      "YES":0.5989153385,
      "NO":0.4010846317
    }
  },
  {
    "test_case":"EXIST2025",
    "id":"420177",
    "value":{
      "YES":0.938356638,
      "NO":0.0616433211
    }
  },
  {
    "test_case":"EXIST2025",
    "id":"420178",
    "value":{
      "YES":0.5389096141,
      "NO":0.4610904157
    }
  },
  {
    "test_case":"EXIST2025",
    "id":"420179",
    "value":{
      "YES":0.4462460577,
      "NO":0.5537539124
    }
  },
  {
    "test_case":"EXIST2025",
    "id":"420180",
    "value":{
      "YES":0.8545093536,
      "NO":0.1454906464
    }
  },
  {
    "test_case":"EXIST2025",
    "id":"420181",
    "value":{
      "YES":0.0124161001,
      "NO":0.9875839353
    }
  },
  {
    "test_case":"EXIST2025",
    "id":"420182",
    "value":{
      "YES":0.2438701242,
      "NO":0.7561299205
    }
  },
  {
    "test_case":"EXIST2025",
    "id":"420183",
    "value":{
      "YES":0.5915293694,
      "NO":0.4084706306
    }
  },
  {
    "test_case":"EXIST2025",
    "id":"420184",
    "value":{
      "YES":0.5391437411,
      "NO":0.4608562291
    }
  },
  {
    "test_case":"EXIST2025",
    "id":"420185",
    "value":{
      "YES":0.5357985497,
      "NO":0.4642014503
    }
  },
  {
    "test_case":"EXIST2025",
    "id":"420186",
    "value":{
      "YES":0.008359462,
      "NO":0.9916405678
    }
  },
  {
    "test_case":"EXIST2025",
    "id":"420187",
    "value":{
      "YES":0.9048566818,
      "NO":0.095143266
    }
  },
  {
    "test_case":"EXIST2025",
    "id":"420188",
    "value":{
      "YES":0.9521469474,
      "NO":0.0478530936
    }
  },
  {
    "test_case":"EXIST2025",
    "id":"420189",
    "value":{
      "YES":0.3746758401,
      "NO":0.6253241897
    }
  },
  {
    "test_case":"EXIST2025",
    "id":"420190",
    "value":{
      "YES":0.3322917521,
      "NO":0.6677082181
    }
  },
  {
    "test_case":"EXIST2025",
    "id":"420191",
    "value":{
      "YES":0.0761886761,
      "NO":0.9238113761
    }
  },
  {
    "test_case":"EXIST2025",
    "id":"420192",
    "value":{
      "YES":0.7282943726,
      "NO":0.271705687
    }
  },
  {
    "test_case":"EXIST2025",
    "id":"420193",
    "value":{
      "YES":0.9139081836,
      "NO":0.0860917643
    }
  },
  {
    "test_case":"EXIST2025",
    "id":"420194",
    "value":{
      "YES":0.7345890999,
      "NO":0.2654108703
    }
  },
  {
    "test_case":"EXIST2025",
    "id":"420195",
    "value":{
      "YES":0.9753962755,
      "NO":0.024603704
    }
  },
  {
    "test_case":"EXIST2025",
    "id":"420196",
    "value":{
      "YES":0.3729019761,
      "NO":0.6270980239
    }
  },
  {
    "test_case":"EXIST2025",
    "id":"420197",
    "value":{
      "YES":0.7910888195,
      "NO":0.2089111507
    }
  },
  {
    "test_case":"EXIST2025",
    "id":"420198",
    "value":{
      "YES":0.0158463642,
      "NO":0.984153688
    }
  },
  {
    "test_case":"EXIST2025",
    "id":"420199",
    "value":{
      "YES":0.083466813,
      "NO":0.9165331125
    }
  },
  {
    "test_case":"EXIST2025",
    "id":"420200",
    "value":{
      "YES":0.7334133387,
      "NO":0.2665866613
    }
  },
  {
    "test_case":"EXIST2025",
    "id":"420201",
    "value":{
      "YES":0.0029984014,
      "NO":0.9970015883
    }
  },
  {
    "test_case":"EXIST2025",
    "id":"420202",
    "value":{
      "YES":0.010057006,
      "NO":0.9899430275
    }
  },
  {
    "test_case":"EXIST2025",
    "id":"420203",
    "value":{
      "YES":0.9767163992,
      "NO":0.0232835561
    }
  },
  {
    "test_case":"EXIST2025",
    "id":"420204",
    "value":{
      "YES":0.6788176298,
      "NO":0.3211823404
    }
  },
  {
    "test_case":"EXIST2025",
    "id":"420205",
    "value":{
      "YES":0.2786993384,
      "NO":0.721300602
    }
  },
  {
    "test_case":"EXIST2025",
    "id":"420206",
    "value":{
      "YES":0.7562957406,
      "NO":0.2437042147
    }
  },
  {
    "test_case":"EXIST2025",
    "id":"420207",
    "value":{
      "YES":0.0020782822,
      "NO":0.9979217649
    }
  },
  {
    "test_case":"EXIST2025",
    "id":"420208",
    "value":{
      "YES":0.7121445537,
      "NO":0.2878554463
    }
  },
  {
    "test_case":"EXIST2025",
    "id":"420209",
    "value":{
      "YES":0.6592771411,
      "NO":0.3407228589
    }
  },
  {
    "test_case":"EXIST2025",
    "id":"420210",
    "value":{
      "YES":0.838848412,
      "NO":0.1611515731
    }
  },
  {
    "test_case":"EXIST2025",
    "id":"420211",
    "value":{
      "YES":0.800747335,
      "NO":0.1992527097
    }
  },
  {
    "test_case":"EXIST2025",
    "id":"420212",
    "value":{
      "YES":0.9020796418,
      "NO":0.0979204252
    }
  },
  {
    "test_case":"EXIST2025",
    "id":"420213",
    "value":{
      "YES":0.4462370276,
      "NO":0.553763032
    }
  },
  {
    "test_case":"EXIST2025",
    "id":"420214",
    "value":{
      "YES":0.810144186,
      "NO":0.1898558289
    }
  },
  {
    "test_case":"EXIST2025",
    "id":"420215",
    "value":{
      "YES":0.8568048477,
      "NO":0.1431951374
    }
  },
  {
    "test_case":"EXIST2025",
    "id":"420216",
    "value":{
      "YES":0.9818306565,
      "NO":0.0181693677
    }
  },
  {
    "test_case":"EXIST2025",
    "id":"420217",
    "value":{
      "YES":0.6798399687,
      "NO":0.3201600015
    }
  },
  {
    "test_case":"EXIST2025",
    "id":"420218",
    "value":{
      "YES":0.3180234134,
      "NO":0.6819766164
    }
  },
  {
    "test_case":"EXIST2025",
    "id":"420219",
    "value":{
      "YES":0.9773061872,
      "NO":0.0226937793
    }
  },
  {
    "test_case":"EXIST2025",
    "id":"420220",
    "value":{
      "YES":0.419362992,
      "NO":0.5806369781
    }
  },
  {
    "test_case":"EXIST2025",
    "id":"420221",
    "value":{
      "YES":0.0855051801,
      "NO":0.9144948125
    }
  },
  {
    "test_case":"EXIST2025",
    "id":"420222",
    "value":{
      "YES":0.9149385691,
      "NO":0.0850614607
    }
  },
  {
    "test_case":"EXIST2025",
    "id":"420223",
    "value":{
      "YES":0.3140000701,
      "NO":0.6859999299
    }
  },
  {
    "test_case":"EXIST2025",
    "id":"420224",
    "value":{
      "YES":0.0140061816,
      "NO":0.9859938622
    }
  },
  {
    "test_case":"EXIST2025",
    "id":"420225",
    "value":{
      "YES":0.8416736126,
      "NO":0.1583263725
    }
  },
  {
    "test_case":"EXIST2025",
    "id":"420226",
    "value":{
      "YES":0.800622046,
      "NO":0.1993779838
    }
  },
  {
    "test_case":"EXIST2025",
    "id":"420227",
    "value":{
      "YES":0.8321741819,
      "NO":0.1678258181
    }
  },
  {
    "test_case":"EXIST2025",
    "id":"420228",
    "value":{
      "YES":0.9593725801,
      "NO":0.0406273678
    }
  },
  {
    "test_case":"EXIST2025",
    "id":"420229",
    "value":{
      "YES":0.9786241651,
      "NO":0.0213758703
    }
  },
  {
    "test_case":"EXIST2025",
    "id":"420230",
    "value":{
      "YES":0.9948280454,
      "NO":0.0051719714
    }
  },
  {
    "test_case":"EXIST2025",
    "id":"420231",
    "value":{
      "YES":0.8004895449,
      "NO":0.1995104402
    }
  },
  {
    "test_case":"EXIST2025",
    "id":"420232",
    "value":{
      "YES":0.0073276092,
      "NO":0.9926723838
    }
  },
  {
    "test_case":"EXIST2025",
    "id":"420233",
    "value":{
      "YES":0.9343181252,
      "NO":0.0656818971
    }
  },
  {
    "test_case":"EXIST2025",
    "id":"420234",
    "value":{
      "YES":0.9696288109,
      "NO":0.0303712077
    }
  },
  {
    "test_case":"EXIST2025",
    "id":"420235",
    "value":{
      "YES":0.7618694305,
      "NO":0.2381305695
    }
  },
  {
    "test_case":"EXIST2025",
    "id":"420236",
    "value":{
      "YES":0.8795145154,
      "NO":0.1204854473
    }
  },
  {
    "test_case":"EXIST2025",
    "id":"420237",
    "value":{
      "YES":0.3619889617,
      "NO":0.6380109787
    }
  },
  {
    "test_case":"EXIST2025",
    "id":"420238",
    "value":{
      "YES":0.0064047715,
      "NO":0.9935953021
    }
  },
  {
    "test_case":"EXIST2025",
    "id":"420239",
    "value":{
      "YES":0.9832001925,
      "NO":0.0167997777
    }
  },
  {
    "test_case":"EXIST2025",
    "id":"420240",
    "value":{
      "YES":0.992313087,
      "NO":0.0076869274
    }
  },
  {
    "test_case":"EXIST2025",
    "id":"420241",
    "value":{
      "YES":0.86972785,
      "NO":0.1302721053
    }
  },
  {
    "test_case":"EXIST2025",
    "id":"420242",
    "value":{
      "YES":0.0195596889,
      "NO":0.9804403186
    }
  },
  {
    "test_case":"EXIST2025",
    "id":"420243",
    "value":{
      "YES":0.0958037376,
      "NO":0.904196322
    }
  },
  {
    "test_case":"EXIST2025",
    "id":"420244",
    "value":{
      "YES":0.9626985788,
      "NO":0.0373014472
    }
  },
  {
    "test_case":"EXIST2025",
    "id":"420245",
    "value":{
      "YES":0.0054514953,
      "NO":0.9945484996
    }
  },
  {
    "test_case":"EXIST2025",
    "id":"420246",
    "value":{
      "YES":0.9264625311,
      "NO":0.0735374615
    }
  },
  {
    "test_case":"EXIST2025",
    "id":"420247",
    "value":{
      "YES":0.8917530775,
      "NO":0.1082469597
    }
  },
  {
    "test_case":"EXIST2025",
    "id":"420248",
    "value":{
      "YES":0.9818613529,
      "NO":0.018138621
    }
  },
  {
    "test_case":"EXIST2025",
    "id":"420249",
    "value":{
      "YES":0.9927256107,
      "NO":0.0072743557
    }
  },
  {
    "test_case":"EXIST2025",
    "id":"420250",
    "value":{
      "YES":0.0228247531,
      "NO":0.9771752954
    }
  },
  {
    "test_case":"EXIST2025",
    "id":"420251",
    "value":{
      "YES":0.8903239965,
      "NO":0.1096759439
    }
  },
  {
    "test_case":"EXIST2025",
    "id":"420252",
    "value":{
      "YES":0.3297991455,
      "NO":0.6702008843
    }
  },
  {
    "test_case":"EXIST2025",
    "id":"420253",
    "value":{
      "YES":0.0086521823,
      "NO":0.9913478494
    }
  },
  {
    "test_case":"EXIST2025",
    "id":"420254",
    "value":{
      "YES":0.222494632,
      "NO":0.7775053382
    }
  },
  {
    "test_case":"EXIST2025",
    "id":"420255",
    "value":{
      "YES":0.1765971631,
      "NO":0.823402822
    }
  },
  {
    "test_case":"EXIST2025",
    "id":"420256",
    "value":{
      "YES":0.9662837982,
      "NO":0.0337162279
    }
  },
  {
    "test_case":"EXIST2025",
    "id":"420257",
    "value":{
      "YES":0.9553340673,
      "NO":0.0446659736
    }
  },
  {
    "test_case":"EXIST2025",
    "id":"420258",
    "value":{
      "YES":0.8237466812,
      "NO":0.1762532741
    }
  },
  {
    "test_case":"EXIST2025",
    "id":"420259",
    "value":{
      "YES":0.9913235903,
      "NO":0.0086763715
    }
  },
  {
    "test_case":"EXIST2025",
    "id":"420260",
    "value":{
      "YES":0.6715046763,
      "NO":0.3284953237
    }
  },
  {
    "test_case":"EXIST2025",
    "id":"420261",
    "value":{
      "YES":0.7443611622,
      "NO":0.2556388378
    }
  },
  {
    "test_case":"EXIST2025",
    "id":"420262",
    "value":{
      "YES":0.9893847108,
      "NO":0.010615251
    }
  },
  {
    "test_case":"EXIST2025",
    "id":"420263",
    "value":{
      "YES":0.8139474988,
      "NO":0.1860524863
    }
  },
  {
    "test_case":"EXIST2025",
    "id":"420264",
    "value":{
      "YES":0.1291880012,
      "NO":0.8708119988
    }
  },
  {
    "test_case":"EXIST2025",
    "id":"420265",
    "value":{
      "YES":0.0016732191,
      "NO":0.9983267188
    }
  },
  {
    "test_case":"EXIST2025",
    "id":"420266",
    "value":{
      "YES":0.9480159283,
      "NO":0.051984027
    }
  },
  {
    "test_case":"EXIST2025",
    "id":"420267",
    "value":{
      "YES":0.9331583977,
      "NO":0.0668415427
    }
  },
  {
    "test_case":"EXIST2025",
    "id":"420268",
    "value":{
      "YES":0.5387547612,
      "NO":0.461245209
    }
  },
  {
    "test_case":"EXIST2025",
    "id":"420269",
    "value":{
      "YES":0.6640906334,
      "NO":0.3359093368
    }
  },
  {
    "test_case":"EXIST2025",
    "id":"420270",
    "value":{
      "YES":0.9130807519,
      "NO":0.0869192705
    }
  },
  {
    "test_case":"EXIST2025",
    "id":"420271",
    "value":{
      "YES":0.9343022108,
      "NO":0.0656977594
    }
  },
  {
    "test_case":"EXIST2025",
    "id":"420272",
    "value":{
      "YES":0.9120739698,
      "NO":0.0879260227
    }
  },
  {
    "test_case":"EXIST2025",
    "id":"420273",
    "value":{
      "YES":0.9387128949,
      "NO":0.0612870678
    }
  },
  {
    "test_case":"EXIST2025",
    "id":"420274",
    "value":{
      "YES":0.0031854603,
      "NO":0.996814549
    }
  },
  {
    "test_case":"EXIST2025",
    "id":"420275",
    "value":{
      "YES":0.004005251,
      "NO":0.9959946871
    }
  },
  {
    "test_case":"EXIST2025",
    "id":"420276",
    "value":{
      "YES":0.0255416706,
      "NO":0.9744583368
    }
  },
  {
    "test_case":"EXIST2025",
    "id":"420277",
    "value":{
      "YES":0.6933304667,
      "NO":0.3066695929
    }
  },
  {
    "test_case":"EXIST2025",
    "id":"420278",
    "value":{
      "YES":0.0921595693,
      "NO":0.9078404307
    }
  },
  {
    "test_case":"EXIST2025",
    "id":"420279",
    "value":{
      "YES":0.0006912961,
      "NO":0.9993087053
    }
  },
  {
    "test_case":"EXIST2025",
    "id":"420280",
    "value":{
      "YES":0.7749022841,
      "NO":0.225097701
    }
  },
  {
    "test_case":"EXIST2025",
    "id":"420281",
    "value":{
      "YES":0.7594124675,
      "NO":0.2405875325
    }
  },
  {
    "test_case":"EXIST2025",
    "id":"420282",
    "value":{
      "YES":0.982121706,
      "NO":0.0178782865
    }
  },
  {
    "test_case":"EXIST2025",
    "id":"420283",
    "value":{
      "YES":0.0042943489,
      "NO":0.9957056642
    }
  },
  {
    "test_case":"EXIST2025",
    "id":"420284",
    "value":{
      "YES":0.0416016728,
      "NO":0.9583984017
    }
  },
  {
    "test_case":"EXIST2025",
    "id":"420285",
    "value":{
      "YES":0.840877533,
      "NO":0.1591224074
    }
  },
  {
    "test_case":"EXIST2025",
    "id":"420286",
    "value":{
      "YES":0.812199235,
      "NO":0.1878008246
    }
  },
  {
    "test_case":"EXIST2025",
    "id":"420287",
    "value":{
      "YES":0.7419908047,
      "NO":0.2580091655
    }
  },
  {
    "test_case":"EXIST2025",
    "id":"420288",
    "value":{
      "YES":0.5412440896,
      "NO":0.4587559402
    }
  },
  {
    "test_case":"EXIST2025",
    "id":"420289",
    "value":{
      "YES":0.7152374387,
      "NO":0.2847625911
    }
  },
  {
    "test_case":"EXIST2025",
    "id":"420290",
    "value":{
      "YES":0.000851607,
      "NO":0.9991483688
    }
  },
  {
    "test_case":"EXIST2025",
    "id":"420291",
    "value":{
      "YES":0.8706685901,
      "NO":0.1293314099
    }
  },
  {
    "test_case":"EXIST2025",
    "id":"420292",
    "value":{
      "YES":0.7005993724,
      "NO":0.299400568
    }
  },
  {
    "test_case":"EXIST2025",
    "id":"420293",
    "value":{
      "YES":0.3706232309,
      "NO":0.6293767691
    }
  },
  {
    "test_case":"EXIST2025",
    "id":"420294",
    "value":{
      "YES":0.9198204279,
      "NO":0.0801795945
    }
  },
  {
    "test_case":"EXIST2025",
    "id":"420295",
    "value":{
      "YES":0.4702136517,
      "NO":0.5297863483
    }
  },
  {
    "test_case":"EXIST2025",
    "id":"420296",
    "value":{
      "YES":0.8834899664,
      "NO":0.1165101081
    }
  },
  {
    "test_case":"EXIST2025",
    "id":"420297",
    "value":{
      "YES":0.0015587134,
      "NO":0.9984412789
    }
  },
  {
    "test_case":"EXIST2025",
    "id":"420298",
    "value":{
      "YES":0.9826772809,
      "NO":0.0173227601
    }
  },
  {
    "test_case":"EXIST2025",
    "id":"420299",
    "value":{
      "YES":0.6912959218,
      "NO":0.3087040186
    }
  },
  {
    "test_case":"EXIST2025",
    "id":"420300",
    "value":{
      "YES":0.0130590275,
      "NO":0.9869409204
    }
  },
  {
    "test_case":"EXIST2025",
    "id":"420301",
    "value":{
      "YES":0.0713962093,
      "NO":0.9286037683
    }
  },
  {
    "test_case":"EXIST2025",
    "id":"420302",
    "value":{
      "YES":0.8447247148,
      "NO":0.1552752703
    }
  },
  {
    "test_case":"EXIST2025",
    "id":"420303",
    "value":{
      "YES":0.9566491842,
      "NO":0.0433508568
    }
  },
  {
    "test_case":"EXIST2025",
    "id":"420304",
    "value":{
      "YES":0.9903533459,
      "NO":0.0096465815
    }
  },
  {
    "test_case":"EXIST2025",
    "id":"420305",
    "value":{
      "YES":0.7047510147,
      "NO":0.2952490449
    }
  },
  {
    "test_case":"EXIST2025",
    "id":"420306",
    "value":{
      "YES":0.7068066597,
      "NO":0.2931933999
    }
  },
  {
    "test_case":"EXIST2025",
    "id":"420307",
    "value":{
      "YES":0.9476828575,
      "NO":0.0523172021
    }
  },
  {
    "test_case":"EXIST2025",
    "id":"420308",
    "value":{
      "YES":0.9075513482,
      "NO":0.0924486369
    }
  },
  {
    "test_case":"EXIST2025",
    "id":"420309",
    "value":{
      "YES":0.0010871368,
      "NO":0.9989129305
    }
  },
  {
    "test_case":"EXIST2025",
    "id":"420310",
    "value":{
      "YES":0.983941853,
      "NO":0.0160582047
    }
  },
  {
    "test_case":"EXIST2025",
    "id":"420311",
    "value":{
      "YES":0.5179045796,
      "NO":0.4820954204
    }
  },
  {
    "test_case":"EXIST2025",
    "id":"420312",
    "value":{
      "YES":0.8554413915,
      "NO":0.1445585638
    }
  },
  {
    "test_case":"EXIST2025",
    "id":"420313",
    "value":{
      "YES":0.0889359936,
      "NO":0.9110639691
    }
  },
  {
    "test_case":"EXIST2025",
    "id":"420314",
    "value":{
      "YES":0.0349323414,
      "NO":0.965067625
    }
  },
  {
    "test_case":"EXIST2025",
    "id":"420315",
    "value":{
      "YES":0.8583724499,
      "NO":0.1416275054
    }
  },
  {
    "test_case":"EXIST2025",
    "id":"420316",
    "value":{
      "YES":0.9323531389,
      "NO":0.0676468611
    }
  },
  {
    "test_case":"EXIST2025",
    "id":"420317",
    "value":{
      "YES":0.8976990581,
      "NO":0.1023009941
    }
  },
  {
    "test_case":"EXIST2025",
    "id":"420318",
    "value":{
      "YES":0.6341179013,
      "NO":0.3658820987
    }
  },
  {
    "test_case":"EXIST2025",
    "id":"420319",
    "value":{
      "YES":0.9522430301,
      "NO":0.0477569215
    }
  },
  {
    "test_case":"EXIST2025",
    "id":"420320",
    "value":{
      "YES":0.2251886725,
      "NO":0.7748113275
    }
  },
  {
    "test_case":"EXIST2025",
    "id":"420321",
    "value":{
      "YES":0.0239729732,
      "NO":0.9760270715
    }
  },
  {
    "test_case":"EXIST2025",
    "id":"420322",
    "value":{
      "YES":0.0283570495,
      "NO":0.9716429114
    }
  },
  {
    "test_case":"EXIST2025",
    "id":"420323",
    "value":{
      "YES":0.005655,
      "NO":0.9943450689
    }
  },
  {
    "test_case":"EXIST2025",
    "id":"420324",
    "value":{
      "YES":0.9514425993,
      "NO":0.0485573635
    }
  },
  {
    "test_case":"EXIST2025",
    "id":"420325",
    "value":{
      "YES":0.8269429803,
      "NO":0.1730570048
    }
  },
  {
    "test_case":"EXIST2025",
    "id":"420326",
    "value":{
      "YES":0.4722339809,
      "NO":0.5277660489
    }
  },
  {
    "test_case":"EXIST2025",
    "id":"420327",
    "value":{
      "YES":0.9713043571,
      "NO":0.0286955871
    }
  },
  {
    "test_case":"EXIST2025",
    "id":"420328",
    "value":{
      "YES":0.5746386051,
      "NO":0.4253614247
    }
  },
  {
    "test_case":"EXIST2025",
    "id":"420329",
    "value":{
      "YES":0.9398010969,
      "NO":0.060198877
    }
  },
  {
    "test_case":"EXIST2025",
    "id":"420330",
    "value":{
      "YES":0.1357575804,
      "NO":0.8642423749
    }
  },
  {
    "test_case":"EXIST2025",
    "id":"420331",
    "value":{
      "YES":0.6721127033,
      "NO":0.3278872669
    }
  },
  {
    "test_case":"EXIST2025",
    "id":"420332",
    "value":{
      "YES":0.6369149685,
      "NO":0.3630850315
    }
  },
  {
    "test_case":"EXIST2025",
    "id":"420333",
    "value":{
      "YES":0.1926499307,
      "NO":0.8073500991
    }
  },
  {
    "test_case":"EXIST2025",
    "id":"420334",
    "value":{
      "YES":0.8704646826,
      "NO":0.1295353323
    }
  },
  {
    "test_case":"EXIST2025",
    "id":"420335",
    "value":{
      "YES":0.1602461487,
      "NO":0.8397538662
    }
  },
  {
    "test_case":"EXIST2025",
    "id":"420336",
    "value":{
      "YES":0.9814885855,
      "NO":0.0185114685
    }
  },
  {
    "test_case":"EXIST2025",
    "id":"420337",
    "value":{
      "YES":0.9765489101,
      "NO":0.0234510917
    }
  },
  {
    "test_case":"EXIST2025",
    "id":"420338",
    "value":{
      "YES":0.7142758369,
      "NO":0.2857241333
    }
  },
  {
    "test_case":"EXIST2025",
    "id":"420339",
    "value":{
      "YES":0.5953241587,
      "NO":0.4046758413
    }
  },
  {
    "test_case":"EXIST2025",
    "id":"420340",
    "value":{
      "YES":0.9542276859,
      "NO":0.0457722507
    }
  },
  {
    "test_case":"EXIST2025",
    "id":"420341",
    "value":{
      "YES":0.5001301169,
      "NO":0.4998698831
    }
  },
  {
    "test_case":"EXIST2025",
    "id":"420342",
    "value":{
      "YES":0.432254374,
      "NO":0.567745626
    }
  },
  {
    "test_case":"EXIST2025",
    "id":"420343",
    "value":{
      "YES":0.228772983,
      "NO":0.7712270617
    }
  },
  {
    "test_case":"EXIST2025",
    "id":"420344",
    "value":{
      "YES":0.7621942759,
      "NO":0.2378057092
    }
  },
  {
    "test_case":"EXIST2025",
    "id":"420345",
    "value":{
      "YES":0.9520143867,
      "NO":0.0479856171
    }
  },
  {
    "test_case":"EXIST2025",
    "id":"420346",
    "value":{
      "YES":0.639110446,
      "NO":0.3608895838
    }
  },
  {
    "test_case":"EXIST2025",
    "id":"420347",
    "value":{
      "YES":0.453473717,
      "NO":0.5465263128
    }
  },
  {
    "test_case":"EXIST2025",
    "id":"420348",
    "value":{
      "YES":0.2309545279,
      "NO":0.7690454721
    }
  },
  {
    "test_case":"EXIST2025",
    "id":"420349",
    "value":{
      "YES":0.2250271142,
      "NO":0.7749729156
    }
  },
  {
    "test_case":"EXIST2025",
    "id":"420350",
    "value":{
      "YES":0.8581790924,
      "NO":0.1418208927
    }
  },
  {
    "test_case":"EXIST2025",
    "id":"420351",
    "value":{
      "YES":0.988856256,
      "NO":0.011143757
    }
  },
  {
    "test_case":"EXIST2025",
    "id":"420352",
    "value":{
      "YES":0.4359638393,
      "NO":0.5640361309
    }
  },
  {
    "test_case":"EXIST2025",
    "id":"420353",
    "value":{
      "YES":0.7339850664,
      "NO":0.2660149038
    }
  },
  {
    "test_case":"EXIST2025",
    "id":"420354",
    "value":{
      "YES":0.5716252327,
      "NO":0.4283747673
    }
  },
  {
    "test_case":"EXIST2025",
    "id":"420355",
    "value":{
      "YES":0.4760393202,
      "NO":0.5239607096
    }
  },
  {
    "test_case":"EXIST2025",
    "id":"420356",
    "value":{
      "YES":0.7982726097,
      "NO":0.2017273307
    }
  },
  {
    "test_case":"EXIST2025",
    "id":"420357",
    "value":{
      "YES":0.9862977266,
      "NO":0.0137022305
    }
  },
  {
    "test_case":"EXIST2025",
    "id":"420358",
    "value":{
      "YES":0.5627740622,
      "NO":0.437225908
    }
  },
  {
    "test_case":"EXIST2025",
    "id":"420359",
    "value":{
      "YES":0.9758169055,
      "NO":0.0241831485
    }
  },
  {
    "test_case":"EXIST2025",
    "id":"420360",
    "value":{
      "YES":0.0590095744,
      "NO":0.940990448
    }
  },
  {
    "test_case":"EXIST2025",
    "id":"420361",
    "value":{
      "YES":0.0857174098,
      "NO":0.91428262
    }
  },
  {
    "test_case":"EXIST2025",
    "id":"420362",
    "value":{
      "YES":0.8820622563,
      "NO":0.1179377288
    }
  },
  {
    "test_case":"EXIST2025",
    "id":"420363",
    "value":{
      "YES":0.4939375222,
      "NO":0.506062448
    }
  },
  {
    "test_case":"EXIST2025",
    "id":"420364",
    "value":{
      "YES":0.2743142545,
      "NO":0.7256857753
    }
  },
  {
    "test_case":"EXIST2025",
    "id":"420365",
    "value":{
      "YES":0.369343549,
      "NO":0.6306564212
    }
  },
  {
    "test_case":"EXIST2025",
    "id":"420366",
    "value":{
      "YES":0.0127444146,
      "NO":0.9872555733
    }
  },
  {
    "test_case":"EXIST2025",
    "id":"420367",
    "value":{
      "YES":0.9869073629,
      "NO":0.0130926585
    }
  },
  {
    "test_case":"EXIST2025",
    "id":"420368",
    "value":{
      "YES":0.0161368847,
      "NO":0.9838631153
    }
  },
  {
    "test_case":"EXIST2025",
    "id":"420369",
    "value":{
      "YES":0.0225776751,
      "NO":0.9774223566
    }
  },
  {
    "test_case":"EXIST2025",
    "id":"420370",
    "value":{
      "YES":0.4482108653,
      "NO":0.5517891049
    }
  }
]