[
  {
    "test_case":"EXIST2025",
    "id":"420001",
    "value":{
      "YES":0.9804173708,
      "NO":0.0195826534
    }
  },
  {
    "test_case":"EXIST2025",
    "id":"420002",
    "value":{
      "YES":0.98538661,
      "NO":0.0146133397
    }
  },
  {
    "test_case":"EXIST2025",
    "id":"420003",
    "value":{
      "YES":0.143642202,
      "NO":0.8563578129
    }
  },
  {
    "test_case":"EXIST2025",
    "id":"420004",
    "value":{
      "YES":0.1934919804,
      "NO":0.8065080643
    }
  },
  {
    "test_case":"EXIST2025",
    "id":"420005",
    "value":{
      "YES":0.0431785733,
      "NO":0.956821382
    }
  },
  {
    "test_case":"EXIST2025",
    "id":"420006",
    "value":{
      "YES":0.9952486157,
      "NO":0.0047514462
    }
  },
  {
    "test_case":"EXIST2025",
    "id":"420007",
    "value":{
      "YES":0.9967457056,
      "NO":0.003254232
    }
  },
  {
    "test_case":"EXIST2025",
    "id":"420008",
    "value":{
      "YES":0.1419794112,
      "NO":0.8580205441
    }
  },
  {
    "test_case":"EXIST2025",
    "id":"420009",
    "value":{
      "YES":0.1923803985,
      "NO":0.8076195717
    }
  },
  {
    "test_case":"EXIST2025",
    "id":"420010",
    "value":{
      "YES":0.9073585868,
      "NO":0.0926414877
    }
  },
  {
    "test_case":"EXIST2025",
    "id":"420011",
    "value":{
      "YES":0.0139922127,
      "NO":0.98600775
    }
  },
  {
    "test_case":"EXIST2025",
    "id":"420012",
    "value":{
      "YES":0.3576372564,
      "NO":0.6423627138
    }
  },
  {
    "test_case":"EXIST2025",
    "id":"420013",
    "value":{
      "YES":0.1576123089,
      "NO":0.8423877358
    }
  },
  {
    "test_case":"EXIST2025",
    "id":"420014",
    "value":{
      "YES":0.0200947206,
      "NO":0.9799052477
    }
  },
  {
    "test_case":"EXIST2025",
    "id":"420015",
    "value":{
      "YES":0.2611601949,
      "NO":0.7388397455
    }
  },
  {
    "test_case":"EXIST2025",
    "id":"420016",
    "value":{
      "YES":0.016768191,
      "NO":0.9832317829
    }
  },
  {
    "test_case":"EXIST2025",
    "id":"420017",
    "value":{
      "YES":0.115932405,
      "NO":0.884067595
    }
  },
  {
    "test_case":"EXIST2025",
    "id":"420018",
    "value":{
      "YES":0.9766248465,
      "NO":0.0233751852
    }
  },
  {
    "test_case":"EXIST2025",
    "id":"420019",
    "value":{
      "YES":0.6616318822,
      "NO":0.3383681476
    }
  },
  {
    "test_case":"EXIST2025",
    "id":"420020",
    "value":{
      "YES":0.480461359,
      "NO":0.519538641
    }
  },
  {
    "test_case":"EXIST2025",
    "id":"420021",
    "value":{
      "YES":0.9637666941,
      "NO":0.0362333097
    }
  },
  {
    "test_case":"EXIST2025",
    "id":"420022",
    "value":{
      "YES":0.970479548,
      "NO":0.0295204297
    }
  },
  {
    "test_case":"EXIST2025",
    "id":"420023",
    "value":{
      "YES":0.0907050818,
      "NO":0.9092949629
    }
  },
  {
    "test_case":"EXIST2025",
    "id":"420024",
    "value":{
      "YES":0.507578373,
      "NO":0.492421627
    }
  },
  {
    "test_case":"EXIST2025",
    "id":"420025",
    "value":{
      "YES":0.64029634,
      "NO":0.35970366
    }
  },
  {
    "test_case":"EXIST2025",
    "id":"420026",
    "value":{
      "YES":0.2630079687,
      "NO":0.7369920015
    }
  },
  {
    "test_case":"EXIST2025",
    "id":"420027",
    "value":{
      "YES":0.9950538874,
      "NO":0.0049461005
    }
  },
  {
    "test_case":"EXIST2025",
    "id":"420028",
    "value":{
      "YES":0.045030009,
      "NO":0.9549699426
    }
  },
  {
    "test_case":"EXIST2025",
    "id":"420029",
    "value":{
      "YES":0.5111928582,
      "NO":0.4888071418
    }
  },
  {
    "test_case":"EXIST2025",
    "id":"420030",
    "value":{
      "YES":0.9867699146,
      "NO":0.0132301021
    }
  },
  {
    "test_case":"EXIST2025",
    "id":"420031",
    "value":{
      "YES":0.7609504461,
      "NO":0.239049539
    }
  },
  {
    "test_case":"EXIST2025",
    "id":"420032",
    "value":{
      "YES":0.1812856495,
      "NO":0.8187143803
    }
  },
  {
    "test_case":"EXIST2025",
    "id":"420033",
    "value":{
      "YES":0.3721731007,
      "NO":0.6278268695
    }
  },
  {
    "test_case":"EXIST2025",
    "id":"420034",
    "value":{
      "YES":0.1003644988,
      "NO":0.8996354938
    }
  },
  {
    "test_case":"EXIST2025",
    "id":"420035",
    "value":{
      "YES":0.0218343697,
      "NO":0.9781656861
    }
  },
  {
    "test_case":"EXIST2025",
    "id":"420036",
    "value":{
      "YES":0.0813172609,
      "NO":0.918682754
    }
  },
  {
    "test_case":"EXIST2025",
    "id":"420037",
    "value":{
      "YES":0.3189851344,
      "NO":0.6810148954
    }
  },
  {
    "test_case":"EXIST2025",
    "id":"420038",
    "value":{
      "YES":0.9944573641,
      "NO":0.0055425996
    }
  },
  {
    "test_case":"EXIST2025",
    "id":"420039",
    "value":{
      "YES":0.5105569959,
      "NO":0.4894430041
    }
  },
  {
    "test_case":"EXIST2025",
    "id":"420040",
    "value":{
      "YES":0.6300630569,
      "NO":0.3699368834
    }
  },
  {
    "test_case":"EXIST2025",
    "id":"420041",
    "value":{
      "YES":0.29188326,
      "NO":0.7081167698
    }
  },
  {
    "test_case":"EXIST2025",
    "id":"420042",
    "value":{
      "YES":0.0328743607,
      "NO":0.9671256542
    }
  },
  {
    "test_case":"EXIST2025",
    "id":"420043",
    "value":{
      "YES":0.9524291158,
      "NO":0.0475708768
    }
  },
  {
    "test_case":"EXIST2025",
    "id":"420044",
    "value":{
      "YES":0.3271569014,
      "NO":0.6728430986
    }
  },
  {
    "test_case":"EXIST2025",
    "id":"420045",
    "value":{
      "YES":0.9959611297,
      "NO":0.0040388559
    }
  },
  {
    "test_case":"EXIST2025",
    "id":"420046",
    "value":{
      "YES":0.9164551497,
      "NO":0.083544828
    }
  },
  {
    "test_case":"EXIST2025",
    "id":"420047",
    "value":{
      "YES":0.2416295558,
      "NO":0.7583704591
    }
  },
  {
    "test_case":"EXIST2025",
    "id":"420048",
    "value":{
      "YES":0.9949530959,
      "NO":0.0050468426
    }
  },
  {
    "test_case":"EXIST2025",
    "id":"420049",
    "value":{
      "YES":0.0728639364,
      "NO":0.927136004
    }
  },
  {
    "test_case":"EXIST2025",
    "id":"420050",
    "value":{
      "YES":0.9979671836,
      "NO":0.0020327631
    }
  },
  {
    "test_case":"EXIST2025",
    "id":"420051",
    "value":{
      "YES":0.0497836173,
      "NO":0.9502163529
    }
  },
  {
    "test_case":"EXIST2025",
    "id":"420052",
    "value":{
      "YES":0.6478034854,
      "NO":0.3521965146
    }
  },
  {
    "test_case":"EXIST2025",
    "id":"420053",
    "value":{
      "YES":0.5651861429,
      "NO":0.4348138273
    }
  },
  {
    "test_case":"EXIST2025",
    "id":"420054",
    "value":{
      "YES":0.0239258986,
      "NO":0.9760740995
    }
  },
  {
    "test_case":"EXIST2025",
    "id":"420055",
    "value":{
      "YES":0.8106140494,
      "NO":0.1893859655
    }
  },
  {
    "test_case":"EXIST2025",
    "id":"420056",
    "value":{
      "YES":0.7912812233,
      "NO":0.208718732
    }
  },
  {
    "test_case":"EXIST2025",
    "id":"420057",
    "value":{
      "YES":0.9951869845,
      "NO":0.0048130793
    }
  },
  {
    "test_case":"EXIST2025",
    "id":"420058",
    "value":{
      "YES":0.9888449311,
      "NO":0.0111550791
    }
  },
  {
    "test_case":"EXIST2025",
    "id":"420059",
    "value":{
      "YES":0.6020242572,
      "NO":0.3979757428
    }
  },
  {
    "test_case":"EXIST2025",
    "id":"420060",
    "value":{
      "YES":0.963655293,
      "NO":0.0363446847
    }
  },
  {
    "test_case":"EXIST2025",
    "id":"420061",
    "value":{
      "YES":0.9841921329,
      "NO":0.0158078223
    }
  },
  {
    "test_case":"EXIST2025",
    "id":"420062",
    "value":{
      "YES":0.5679457784,
      "NO":0.4320542514
    }
  },
  {
    "test_case":"EXIST2025",
    "id":"420063",
    "value":{
      "YES":0.5989224315,
      "NO":0.4010776281
    }
  },
  {
    "test_case":"EXIST2025",
    "id":"420064",
    "value":{
      "YES":0.9957491159,
      "NO":0.0042508757
    }
  },
  {
    "test_case":"EXIST2025",
    "id":"420065",
    "value":{
      "YES":0.2308423966,
      "NO":0.7691575885
    }
  },
  {
    "test_case":"EXIST2025",
    "id":"420066",
    "value":{
      "YES":0.4704032242,
      "NO":0.529596746
    }
  },
  {
    "test_case":"EXIST2025",
    "id":"420067",
    "value":{
      "YES":0.9971981049,
      "NO":0.002801887
    }
  },
  {
    "test_case":"EXIST2025",
    "id":"420068",
    "value":{
      "YES":0.9644078016,
      "NO":0.0355921909
    }
  },
  {
    "test_case":"EXIST2025",
    "id":"420069",
    "value":{
      "YES":0.3880513012,
      "NO":0.6119487286
    }
  },
  {
    "test_case":"EXIST2025",
    "id":"420070",
    "value":{
      "YES":0.7557695508,
      "NO":0.2442304939
    }
  },
  {
    "test_case":"EXIST2025",
    "id":"420071",
    "value":{
      "YES":0.9950880408,
      "NO":0.0049119829
    }
  },
  {
    "test_case":"EXIST2025",
    "id":"420072",
    "value":{
      "YES":0,
      "NO":1
    }
  },
  {
    "test_case":"EXIST2025",
    "id":"420073",
    "value":{
      "YES":0.8042750955,
      "NO":0.1957248747
    }
  },
  {
    "test_case":"EXIST2025",
    "id":"420074",
    "value":{
      "YES":0.9973009229,
      "NO":0.0026990636
    }
  },
  {
    "test_case":"EXIST2025",
    "id":"420075",
    "value":{
      "YES":0.8878557086,
      "NO":0.1121443063
    }
  },
  {
    "test_case":"EXIST2025",
    "id":"420076",
    "value":{
      "YES":0.676523447,
      "NO":0.3234765828
    }
  },
  {
    "test_case":"EXIST2025",
    "id":"420077",
    "value":{
      "YES":0.9971936941,
      "NO":0.0028062216
    }
  },
  {
    "test_case":"EXIST2025",
    "id":"420078",
    "value":{
      "YES":0.1593467146,
      "NO":0.8406532407
    }
  },
  {
    "test_case":"EXIST2025",
    "id":"420079",
    "value":{
      "YES":0.1893157065,
      "NO":0.8106842637
    }
  },
  {
    "test_case":"EXIST2025",
    "id":"420080",
    "value":{
      "YES":0.3959970772,
      "NO":0.6040029526
    }
  },
  {
    "test_case":"EXIST2025",
    "id":"420081",
    "value":{
      "YES":0.1804293096,
      "NO":0.8195707202
    }
  },
  {
    "test_case":"EXIST2025",
    "id":"420082",
    "value":{
      "YES":0.9920152426,
      "NO":0.0079847714
    }
  },
  {
    "test_case":"EXIST2025",
    "id":"420083",
    "value":{
      "YES":0.9006045461,
      "NO":0.099395439
    }
  },
  {
    "test_case":"EXIST2025",
    "id":"420084",
    "value":{
      "YES":0.2829835713,
      "NO":0.7170163989
    }
  },
  {
    "test_case":"EXIST2025",
    "id":"420085",
    "value":{
      "YES":0.9974070191,
      "NO":0.002592996
    }
  },
  {
    "test_case":"EXIST2025",
    "id":"420086",
    "value":{
      "YES":0.1939257681,
      "NO":0.8060742021
    }
  },
  {
    "test_case":"EXIST2025",
    "id":"420087",
    "value":{
      "YES":0.1761242747,
      "NO":0.8238757253
    }
  },
  {
    "test_case":"EXIST2025",
    "id":"420088",
    "value":{
      "YES":0.9572372437,
      "NO":0.0427627936
    }
  },
  {
    "test_case":"EXIST2025",
    "id":"420089",
    "value":{
      "YES":0.0485337488,
      "NO":0.9514662623
    }
  },
  {
    "test_case":"EXIST2025",
    "id":"420090",
    "value":{
      "YES":0.9901037812,
      "NO":0.009896161
    }
  },
  {
    "test_case":"EXIST2025",
    "id":"420091",
    "value":{
      "YES":0.1458510756,
      "NO":0.854148984
    }
  },
  {
    "test_case":"EXIST2025",
    "id":"420092",
    "value":{
      "YES":0.528937757,
      "NO":0.4710622728
    }
  },
  {
    "test_case":"EXIST2025",
    "id":"420093",
    "value":{
      "YES":0.4013797939,
      "NO":0.5986201763
    }
  },
  {
    "test_case":"EXIST2025",
    "id":"420094",
    "value":{
      "YES":0.0119686732,
      "NO":0.9880312681
    }
  },
  {
    "test_case":"EXIST2025",
    "id":"420095",
    "value":{
      "YES":0.992200911,
      "NO":0.0077990917
    }
  },
  {
    "test_case":"EXIST2025",
    "id":"420096",
    "value":{
      "YES":0.5552598834,
      "NO":0.4447400868
    }
  },
  {
    "test_case":"EXIST2025",
    "id":"420097",
    "value":{
      "YES":0.1716179997,
      "NO":0.8283820152
    }
  },
  {
    "test_case":"EXIST2025",
    "id":"420098",
    "value":{
      "YES":0.2358361185,
      "NO":0.7641639113
    }
  },
  {
    "test_case":"EXIST2025",
    "id":"420099",
    "value":{
      "YES":0.9834241271,
      "NO":0.016575817
    }
  },
  {
    "test_case":"EXIST2025",
    "id":"420100",
    "value":{
      "YES":0.3910784423,
      "NO":0.6089215279
    }
  },
  {
    "test_case":"EXIST2025",
    "id":"420101",
    "value":{
      "YES":0.9599552155,
      "NO":0.0400447622
    }
  },
  {
    "test_case":"EXIST2025",
    "id":"420102",
    "value":{
      "YES":0.9964777827,
      "NO":0.0035222245
    }
  },
  {
    "test_case":"EXIST2025",
    "id":"420103",
    "value":{
      "YES":0.28549999,
      "NO":0.71450001
    }
  },
  {
    "test_case":"EXIST2025",
    "id":"420104",
    "value":{
      "YES":0.0370966494,
      "NO":0.9629033804
    }
  },
  {
    "test_case":"EXIST2025",
    "id":"420105",
    "value":{
      "YES":0.244973585,
      "NO":0.7550264597
    }
  },
  {
    "test_case":"EXIST2025",
    "id":"420106",
    "value":{
      "YES":0.3406444192,
      "NO":0.6593555808
    }
  },
  {
    "test_case":"EXIST2025",
    "id":"420107",
    "value":{
      "YES":0.2974759042,
      "NO":0.7025241256
    }
  },
  {
    "test_case":"EXIST2025",
    "id":"420108",
    "value":{
      "YES":0.9846158624,
      "NO":0.0153842103
    }
  },
  {
    "test_case":"EXIST2025",
    "id":"420109",
    "value":{
      "YES":0.9206853509,
      "NO":0.0793147236
    }
  },
  {
    "test_case":"EXIST2025",
    "id":"420110",
    "value":{
      "YES":0.9968056679,
      "NO":0.003194324
    }
  },
  {
    "test_case":"EXIST2025",
    "id":"420111",
    "value":{
      "YES":0.2997382283,
      "NO":0.7002617717
    }
  },
  {
    "test_case":"EXIST2025",
    "id":"420112",
    "value":{
      "YES":0.9822592735,
      "NO":0.0177407674
    }
  },
  {
    "test_case":"EXIST2025",
    "id":"420113",
    "value":{
      "YES":0.5035669804,
      "NO":0.4964330196
    }
  },
  {
    "test_case":"EXIST2025",
    "id":"420114",
    "value":{
      "YES":0.2618702352,
      "NO":0.7381297946
    }
  },
  {
    "test_case":"EXIST2025",
    "id":"420115",
    "value":{
      "YES":0.0961629897,
      "NO":0.9038370252
    }
  },
  {
    "test_case":"EXIST2025",
    "id":"420116",
    "value":{
      "YES":0.138659507,
      "NO":0.8613405228
    }
  },
  {
    "test_case":"EXIST2025",
    "id":"420117",
    "value":{
      "YES":0.0385936685,
      "NO":0.9614063501
    }
  },
  {
    "test_case":"EXIST2025",
    "id":"420118",
    "value":{
      "YES":0.9946550131,
      "NO":0.0053450251
    }
  },
  {
    "test_case":"EXIST2025",
    "id":"420119",
    "value":{
      "YES":0.8634145856,
      "NO":0.1365853846
    }
  },
  {
    "test_case":"EXIST2025",
    "id":"420120",
    "value":{
      "YES":0.9962743521,
      "NO":0.0037256102
    }
  },
  {
    "test_case":"EXIST2025",
    "id":"420121",
    "value":{
      "YES":0.6963570118,
      "NO":0.303643018
    }
  },
  {
    "test_case":"EXIST2025",
    "id":"420122",
    "value":{
      "YES":0.9431137443,
      "NO":0.056886293
    }
  },
  {
    "test_case":"EXIST2025",
    "id":"420123",
    "value":{
      "YES":0.9838735461,
      "NO":0.0161264837
    }
  },
  {
    "test_case":"EXIST2025",
    "id":"420124",
    "value":{
      "YES":0.5168077946,
      "NO":0.4831921756
    }
  },
  {
    "test_case":"EXIST2025",
    "id":"420125",
    "value":{
      "YES":0.0570569746,
      "NO":0.9429430366
    }
  },
  {
    "test_case":"EXIST2025",
    "id":"420126",
    "value":{
      "YES":0.7245743871,
      "NO":0.2754255533
    }
  },
  {
    "test_case":"EXIST2025",
    "id":"420127",
    "value":{
      "YES":0.1039824858,
      "NO":0.8960174918
    }
  },
  {
    "test_case":"EXIST2025",
    "id":"420128",
    "value":{
      "YES":0.9390752316,
      "NO":0.0609247237
    }
  },
  {
    "test_case":"EXIST2025",
    "id":"420129",
    "value":{
      "YES":0.0291280318,
      "NO":0.9708720446
    }
  },
  {
    "test_case":"EXIST2025",
    "id":"420130",
    "value":{
      "YES":0.94634974,
      "NO":0.0536502339
    }
  },
  {
    "test_case":"EXIST2025",
    "id":"420131",
    "value":{
      "YES":0.04177019,
      "NO":0.9582297802
    }
  },
  {
    "test_case":"EXIST2025",
    "id":"420132",
    "value":{
      "YES":0.4909321964,
      "NO":0.5090677738
    }
  },
  {
    "test_case":"EXIST2025",
    "id":"420133",
    "value":{
      "YES":0.1353401393,
      "NO":0.8646598458
    }
  },
  {
    "test_case":"EXIST2025",
    "id":"420134",
    "value":{
      "YES":0.3523031175,
      "NO":0.6476969123
    }
  },
  {
    "test_case":"EXIST2025",
    "id":"420135",
    "value":{
      "YES":0.521833539,
      "NO":0.478166461
    }
  },
  {
    "test_case":"EXIST2025",
    "id":"420136",
    "value":{
      "YES":0.0897629559,
      "NO":0.9102370143
    }
  },
  {
    "test_case":"EXIST2025",
    "id":"420137",
    "value":{
      "YES":0.9801729321,
      "NO":0.0198271107
    }
  },
  {
    "test_case":"EXIST2025",
    "id":"420138",
    "value":{
      "YES":0.0116708726,
      "NO":0.9883291721
    }
  },
  {
    "test_case":"EXIST2025",
    "id":"420139",
    "value":{
      "YES":0.9973447919,
      "NO":0.0026552305
    }
  },
  {
    "test_case":"EXIST2025",
    "id":"420140",
    "value":{
      "YES":0.1158945635,
      "NO":0.884105444
    }
  },
  {
    "test_case":"EXIST2025",
    "id":"420141",
    "value":{
      "YES":0.9900158048,
      "NO":0.0099841207
    }
  },
  {
    "test_case":"EXIST2025",
    "id":"420142",
    "value":{
      "YES":0.8384593725,
      "NO":0.1615406722
    }
  },
  {
    "test_case":"EXIST2025",
    "id":"420143",
    "value":{
      "YES":0.1198435649,
      "NO":0.8801563978
    }
  },
  {
    "test_case":"EXIST2025",
    "id":"420144",
    "value":{
      "YES":0.528768003,
      "NO":0.4712320566
    }
  },
  {
    "test_case":"EXIST2025",
    "id":"420145",
    "value":{
      "YES":0.9433892965,
      "NO":0.0566107742
    }
  },
  {
    "test_case":"EXIST2025",
    "id":"420146",
    "value":{
      "YES":0.0294127818,
      "NO":0.9705872536
    }
  },
  {
    "test_case":"EXIST2025",
    "id":"420147",
    "value":{
      "YES":0.1578994393,
      "NO":0.8421005011
    }
  },
  {
    "test_case":"EXIST2025",
    "id":"420148",
    "value":{
      "YES":0.530807972,
      "NO":0.4691920578
    }
  },
  {
    "test_case":"EXIST2025",
    "id":"420149",
    "value":{
      "YES":0.9928118587,
      "NO":0.0071881297
    }
  },
  {
    "test_case":"EXIST2025",
    "id":"420150",
    "value":{
      "YES":0.7436338067,
      "NO":0.2563662231
    }
  },
  {
    "test_case":"EXIST2025",
    "id":"420151",
    "value":{
      "YES":0.156346634,
      "NO":0.8436533213
    }
  },
  {
    "test_case":"EXIST2025",
    "id":"420152",
    "value":{
      "YES":0.2297954857,
      "NO":0.7702045441
    }
  },
  {
    "test_case":"EXIST2025",
    "id":"420153",
    "value":{
      "YES":0.9933630228,
      "NO":0.0066369227
    }
  },
  {
    "test_case":"EXIST2025",
    "id":"420154",
    "value":{
      "YES":0.5866590738,
      "NO":0.4133408666
    }
  },
  {
    "test_case":"EXIST2025",
    "id":"420155",
    "value":{
      "YES":0.9970315695,
      "NO":0.0029683565
    }
  },
  {
    "test_case":"EXIST2025",
    "id":"420156",
    "value":{
      "YES":0.992565155,
      "NO":0.0074348086
    }
  },
  {
    "test_case":"EXIST2025",
    "id":"420157",
    "value":{
      "YES":0.046331767,
      "NO":0.9536682367
    }
  },
  {
    "test_case":"EXIST2025",
    "id":"420158",
    "value":{
      "YES":0.0400830954,
      "NO":0.9599168897
    }
  },
  {
    "test_case":"EXIST2025",
    "id":"420159",
    "value":{
      "YES":0.0447202288,
      "NO":0.9552797675
    }
  },
  {
    "test_case":"EXIST2025",
    "id":"420160",
    "value":{
      "YES":0.5624130368,
      "NO":0.4375869632
    }
  },
  {
    "test_case":"EXIST2025",
    "id":"420161",
    "value":{
      "YES":0.9388900399,
      "NO":0.0611099415
    }
  },
  {
    "test_case":"EXIST2025",
    "id":"420162",
    "value":{
      "YES":0.8964983821,
      "NO":0.1035016477
    }
  },
  {
    "test_case":"EXIST2025",
    "id":"420163",
    "value":{
      "YES":0.8233351111,
      "NO":0.1766648889
    }
  },
  {
    "test_case":"EXIST2025",
    "id":"420164",
    "value":{
      "YES":0.9952721,
      "NO":0.0047279499
    }
  },
  {
    "test_case":"EXIST2025",
    "id":"420165",
    "value":{
      "YES":0.8710816503,
      "NO":0.1289183199
    }
  },
  {
    "test_case":"EXIST2025",
    "id":"420166",
    "value":{
      "YES":0.9377902746,
      "NO":0.062209744
    }
  },
  {
    "test_case":"EXIST2025",
    "id":"420167",
    "value":{
      "YES":0.6186605692,
      "NO":0.381339401
    }
  },
  {
    "test_case":"EXIST2025",
    "id":"420168",
    "value":{
      "YES":0.2348210812,
      "NO":0.7651789784
    }
  },
  {
    "test_case":"EXIST2025",
    "id":"420169",
    "value":{
      "YES":0.9965560436,
      "NO":0.0034440311
    }
  },
  {
    "test_case":"EXIST2025",
    "id":"420170",
    "value":{
      "YES":0.2663095593,
      "NO":0.7336904407
    }
  },
  {
    "test_case":"EXIST2025",
    "id":"420171",
    "value":{
      "YES":0.9699021578,
      "NO":0.0300978012
    }
  },
  {
    "test_case":"EXIST2025",
    "id":"420172",
    "value":{
      "YES":0.8826102018,
      "NO":0.1173897907
    }
  },
  {
    "test_case":"EXIST2025",
    "id":"420173",
    "value":{
      "YES":0.9691406488,
      "NO":0.0308593474
    }
  },
  {
    "test_case":"EXIST2025",
    "id":"420174",
    "value":{
      "YES":0.9956294298,
      "NO":0.0043705804
    }
  },
  {
    "test_case":"EXIST2025",
    "id":"420175",
    "value":{
      "YES":0.6087169647,
      "NO":0.3912830353
    }
  },
  {
    "test_case":"EXIST2025",
    "id":"420176",
    "value":{
      "YES":0.2518204451,
      "NO":0.7481795549
    }
  },
  {
    "test_case":"EXIST2025",
    "id":"420177",
    "value":{
      "YES":0.8862686157,
      "NO":0.1137313768
    }
  },
  {
    "test_case":"EXIST2025",
    "id":"420178",
    "value":{
      "YES":0.5796251893,
      "NO":0.4203747809
    }
  },
  {
    "test_case":"EXIST2025",
    "id":"420179",
    "value":{
      "YES":0.3210469186,
      "NO":0.6789531112
    }
  },
  {
    "test_case":"EXIST2025",
    "id":"420180",
    "value":{
      "YES":0.9853003621,
      "NO":0.0146996332
    }
  },
  {
    "test_case":"EXIST2025",
    "id":"420181",
    "value":{
      "YES":0.0760408938,
      "NO":0.9239590764
    }
  },
  {
    "test_case":"EXIST2025",
    "id":"420182",
    "value":{
      "YES":0.9525265694,
      "NO":0.0474734344
    }
  },
  {
    "test_case":"EXIST2025",
    "id":"420183",
    "value":{
      "YES":0.9867204428,
      "NO":0.0132795274
    }
  },
  {
    "test_case":"EXIST2025",
    "id":"420184",
    "value":{
      "YES":0.9869903922,
      "NO":0.0130096599
    }
  },
  {
    "test_case":"EXIST2025",
    "id":"420185",
    "value":{
      "YES":0.1712247133,
      "NO":0.8287752867
    }
  },
  {
    "test_case":"EXIST2025",
    "id":"420186",
    "value":{
      "YES":0.5482318997,
      "NO":0.4517680705
    }
  },
  {
    "test_case":"EXIST2025",
    "id":"420187",
    "value":{
      "YES":0.9796159267,
      "NO":0.0203840826
    }
  },
  {
    "test_case":"EXIST2025",
    "id":"420188",
    "value":{
      "YES":0.9843521714,
      "NO":0.0156477969
    }
  },
  {
    "test_case":"EXIST2025",
    "id":"420189",
    "value":{
      "YES":0.9832922816,
      "NO":0.0167077743
    }
  },
  {
    "test_case":"EXIST2025",
    "id":"420190",
    "value":{
      "YES":0.8101154566,
      "NO":0.1898845583
    }
  },
  {
    "test_case":"EXIST2025",
    "id":"420191",
    "value":{
      "YES":0.9139328003,
      "NO":0.0860671625
    }
  },
  {
    "test_case":"EXIST2025",
    "id":"420192",
    "value":{
      "YES":0.2302900851,
      "NO":0.7697098851
    }
  },
  {
    "test_case":"EXIST2025",
    "id":"420193",
    "value":{
      "YES":0.9967547059,
      "NO":0.0032452322
    }
  },
  {
    "test_case":"EXIST2025",
    "id":"420194",
    "value":{
      "YES":0.1885153949,
      "NO":0.8114846349
    }
  },
  {
    "test_case":"EXIST2025",
    "id":"420195",
    "value":{
      "YES":0.9396471381,
      "NO":0.0603527762
    }
  },
  {
    "test_case":"EXIST2025",
    "id":"420196",
    "value":{
      "YES":0.4034231901,
      "NO":0.5965768099
    }
  },
  {
    "test_case":"EXIST2025",
    "id":"420197",
    "value":{
      "YES":0.8501706123,
      "NO":0.1498294175
    }
  },
  {
    "test_case":"EXIST2025",
    "id":"420198",
    "value":{
      "YES":0.127010867,
      "NO":0.8729890585
    }
  },
  {
    "test_case":"EXIST2025",
    "id":"420199",
    "value":{
      "YES":0.0427337028,
      "NO":0.9572663307
    }
  },
  {
    "test_case":"EXIST2025",
    "id":"420200",
    "value":{
      "YES":0.0223170761,
      "NO":0.9776828885
    }
  },
  {
    "test_case":"EXIST2025",
    "id":"420201",
    "value":{
      "YES":0.0514589213,
      "NO":0.9485411048
    }
  },
  {
    "test_case":"EXIST2025",
    "id":"420202",
    "value":{
      "YES":0.6001160145,
      "NO":0.3998839855
    }
  },
  {
    "test_case":"EXIST2025",
    "id":"420203",
    "value":{
      "YES":0.0764937028,
      "NO":0.9235063195
    }
  },
  {
    "test_case":"EXIST2025",
    "id":"420204",
    "value":{
      "YES":0.6880819798,
      "NO":0.3119179904
    }
  },
  {
    "test_case":"EXIST2025",
    "id":"420205",
    "value":{
      "YES":0.6547808647,
      "NO":0.3452191353
    }
  },
  {
    "test_case":"EXIST2025",
    "id":"420206",
    "value":{
      "YES":0.5361601114,
      "NO":0.4638398588
    }
  },
  {
    "test_case":"EXIST2025",
    "id":"420207",
    "value":{
      "YES":0.4241971374,
      "NO":0.5758028626
    }
  },
  {
    "test_case":"EXIST2025",
    "id":"420208",
    "value":{
      "YES":0.0766542703,
      "NO":0.9233457446
    }
  },
  {
    "test_case":"EXIST2025",
    "id":"420209",
    "value":{
      "YES":0.6571144462,
      "NO":0.3428855538
    }
  },
  {
    "test_case":"EXIST2025",
    "id":"420210",
    "value":{
      "YES":0.995377779,
      "NO":0.0046222373
    }
  },
  {
    "test_case":"EXIST2025",
    "id":"420211",
    "value":{
      "YES":0.2495408803,
      "NO":0.7504591346
    }
  },
  {
    "test_case":"EXIST2025",
    "id":"420212",
    "value":{
      "YES":0.7571828961,
      "NO":0.2428171039
    }
  },
  {
    "test_case":"EXIST2025",
    "id":"420213",
    "value":{
      "YES":0.2170209885,
      "NO":0.7829790115
    }
  },
  {
    "test_case":"EXIST2025",
    "id":"420214",
    "value":{
      "YES":0.6819321513,
      "NO":0.3180679083
    }
  },
  {
    "test_case":"EXIST2025",
    "id":"420215",
    "value":{
      "YES":0.984128356,
      "NO":0.0158715863
    }
  },
  {
    "test_case":"EXIST2025",
    "id":"420216",
    "value":{
      "YES":0.9431111813,
      "NO":0.0568887666
    }
  },
  {
    "test_case":"EXIST2025",
    "id":"420217",
    "value":{
      "YES":0.9958447814,
      "NO":0.0041552633
    }
  },
  {
    "test_case":"EXIST2025",
    "id":"420218",
    "value":{
      "YES":0.5622980595,
      "NO":0.4377019405
    }
  },
  {
    "test_case":"EXIST2025",
    "id":"420219",
    "value":{
      "YES":0.6658814549,
      "NO":0.3341185451
    }
  },
  {
    "test_case":"EXIST2025",
    "id":"420220",
    "value":{
      "YES":0.0931995809,
      "NO":0.9068004489
    }
  },
  {
    "test_case":"EXIST2025",
    "id":"420221",
    "value":{
      "YES":0.0421401188,
      "NO":0.9578598738
    }
  },
  {
    "test_case":"EXIST2025",
    "id":"420222",
    "value":{
      "YES":0.9601271749,
      "NO":0.03987284
    }
  },
  {
    "test_case":"EXIST2025",
    "id":"420223",
    "value":{
      "YES":0.3742209375,
      "NO":0.6257790327
    }
  },
  {
    "test_case":"EXIST2025",
    "id":"420224",
    "value":{
      "YES":0.258728832,
      "NO":0.7412711978
    }
  },
  {
    "test_case":"EXIST2025",
    "id":"420225",
    "value":{
      "YES":0.4739308357,
      "NO":0.5260691643
    }
  },
  {
    "test_case":"EXIST2025",
    "id":"420226",
    "value":{
      "YES":0.9746679068,
      "NO":0.0253321398
    }
  },
  {
    "test_case":"EXIST2025",
    "id":"420227",
    "value":{
      "YES":0.0810329765,
      "NO":0.9189670682
    }
  },
  {
    "test_case":"EXIST2025",
    "id":"420228",
    "value":{
      "YES":0.9961206317,
      "NO":0.0038793762
    }
  },
  {
    "test_case":"EXIST2025",
    "id":"420229",
    "value":{
      "YES":0.9964880943,
      "NO":0.0035118717
    }
  },
  {
    "test_case":"EXIST2025",
    "id":"420230",
    "value":{
      "YES":0.9963092208,
      "NO":0.0036908097
    }
  },
  {
    "test_case":"EXIST2025",
    "id":"420231",
    "value":{
      "YES":0.8329197764,
      "NO":0.1670802683
    }
  },
  {
    "test_case":"EXIST2025",
    "id":"420232",
    "value":{
      "YES":0.2904320657,
      "NO":0.7095679641
    }
  },
  {
    "test_case":"EXIST2025",
    "id":"420233",
    "value":{
      "YES":0.131572783,
      "NO":0.8684271574
    }
  },
  {
    "test_case":"EXIST2025",
    "id":"420234",
    "value":{
      "YES":0.9964498281,
      "NO":0.0035501481
    }
  },
  {
    "test_case":"EXIST2025",
    "id":"420235",
    "value":{
      "YES":0.9970667958,
      "NO":0.0029332356
    }
  },
  {
    "test_case":"EXIST2025",
    "id":"420236",
    "value":{
      "YES":0.9395705462,
      "NO":0.0604294874
    }
  },
  {
    "test_case":"EXIST2025",
    "id":"420237",
    "value":{
      "YES":0.3527722657,
      "NO":0.6472277641
    }
  },
  {
    "test_case":"EXIST2025",
    "id":"420238",
    "value":{
      "YES":0.0186209362,
      "NO":0.9813790321
    }
  },
  {
    "test_case":"EXIST2025",
    "id":"420239",
    "value":{
      "YES":0.9937044978,
      "NO":0.0062955287
    }
  },
  {
    "test_case":"EXIST2025",
    "id":"420240",
    "value":{
      "YES":0.9903094172,
      "NO":0.0096905753
    }
  },
  {
    "test_case":"EXIST2025",
    "id":"420241",
    "value":{
      "YES":0.2444677353,
      "NO":0.7555322647
    }
  },
  {
    "test_case":"EXIST2025",
    "id":"420242",
    "value":{
      "YES":0.0652501062,
      "NO":0.9347499013
    }
  },
  {
    "test_case":"EXIST2025",
    "id":"420243",
    "value":{
      "YES":0.9448571205,
      "NO":0.0551428832
    }
  },
  {
    "test_case":"EXIST2025",
    "id":"420244",
    "value":{
      "YES":0.9827886224,
      "NO":0.0172113646
    }
  },
  {
    "test_case":"EXIST2025",
    "id":"420245",
    "value":{
      "YES":0.0484115109,
      "NO":0.9515884519
    }
  },
  {
    "test_case":"EXIST2025",
    "id":"420246",
    "value":{
      "YES":0.9934665561,
      "NO":0.0065334239
    }
  },
  {
    "test_case":"EXIST2025",
    "id":"420247",
    "value":{
      "YES":0.5121909976,
      "NO":0.4878090322
    }
  },
  {
    "test_case":"EXIST2025",
    "id":"420248",
    "value":{
      "YES":0.9833244085,
      "NO":0.0166755356
    }
  },
  {
    "test_case":"EXIST2025",
    "id":"420249",
    "value":{
      "YES":0.9100174308,
      "NO":0.0899825543
    }
  },
  {
    "test_case":"EXIST2025",
    "id":"420250",
    "value":{
      "YES":0.2840540111,
      "NO":0.7159460187
    }
  },
  {
    "test_case":"EXIST2025",
    "id":"420251",
    "value":{
      "YES":0.9550921917,
      "NO":0.0449077822
    }
  },
  {
    "test_case":"EXIST2025",
    "id":"420252",
    "value":{
      "YES":0.6645962596,
      "NO":0.3354037106
    }
  },
  {
    "test_case":"EXIST2025",
    "id":"420253",
    "value":{
      "YES":0.0549305752,
      "NO":0.9450693727
    }
  },
  {
    "test_case":"EXIST2025",
    "id":"420254",
    "value":{
      "YES":0.1864396185,
      "NO":0.8135603666
    }
  },
  {
    "test_case":"EXIST2025",
    "id":"420255",
    "value":{
      "YES":0.2017436475,
      "NO":0.7982563972
    }
  },
  {
    "test_case":"EXIST2025",
    "id":"420256",
    "value":{
      "YES":0.1088187322,
      "NO":0.8911812305
    }
  },
  {
    "test_case":"EXIST2025",
    "id":"420257",
    "value":{
      "YES":0.3458253443,
      "NO":0.6541746855
    }
  },
  {
    "test_case":"EXIST2025",
    "id":"420258",
    "value":{
      "YES":0.1598893702,
      "NO":0.8401106596
    }
  },
  {
    "test_case":"EXIST2025",
    "id":"420259",
    "value":{
      "YES":0.9925988913,
      "NO":0.0074010934
    }
  },
  {
    "test_case":"EXIST2025",
    "id":"420260",
    "value":{
      "YES":0.0543966368,
      "NO":0.9456033707
    }
  },
  {
    "test_case":"EXIST2025",
    "id":"420261",
    "value":{
      "YES":0.7959290147,
      "NO":0.2040709257
    }
  },
  {
    "test_case":"EXIST2025",
    "id":"420262",
    "value":{
      "YES":0.9946810603,
      "NO":0.005318888
    }
  },
  {
    "test_case":"EXIST2025",
    "id":"420263",
    "value":{
      "YES":0.0514117666,
      "NO":0.9485882521
    }
  },
  {
    "test_case":"EXIST2025",
    "id":"420264",
    "value":{
      "YES":0.0438975357,
      "NO":0.9561024904
    }
  },
  {
    "test_case":"EXIST2025",
    "id":"420265",
    "value":{
      "YES":0.1103481799,
      "NO":0.889651835
    }
  },
  {
    "test_case":"EXIST2025",
    "id":"420266",
    "value":{
      "YES":0.5812702179,
      "NO":0.4187298119
    }
  },
  {
    "test_case":"EXIST2025",
    "id":"420267",
    "value":{
      "YES":0.9786188006,
      "NO":0.0213811845
    }
  },
  {
    "test_case":"EXIST2025",
    "id":"420268",
    "value":{
      "YES":0.7307088375,
      "NO":0.2692911625
    }
  },
  {
    "test_case":"EXIST2025",
    "id":"420269",
    "value":{
      "YES":0.0755680278,
      "NO":0.9244319797
    }
  },
  {
    "test_case":"EXIST2025",
    "id":"420270",
    "value":{
      "YES":0.8171739578,
      "NO":0.182826072
    }
  },
  {
    "test_case":"EXIST2025",
    "id":"420271",
    "value":{
      "YES":0.0424868912,
      "NO":0.9575131536
    }
  },
  {
    "test_case":"EXIST2025",
    "id":"420272",
    "value":{
      "YES":0.986215353,
      "NO":0.0137845716
    }
  },
  {
    "test_case":"EXIST2025",
    "id":"420273",
    "value":{
      "YES":0.7484529018,
      "NO":0.2515470386
    }
  },
  {
    "test_case":"EXIST2025",
    "id":"420274",
    "value":{
      "YES":0.0900958925,
      "NO":0.9099041224
    }
  },
  {
    "test_case":"EXIST2025",
    "id":"420275",
    "value":{
      "YES":0.0260637384,
      "NO":0.9739362001
    }
  },
  {
    "test_case":"EXIST2025",
    "id":"420276",
    "value":{
      "YES":0.0372423977,
      "NO":0.9627575874
    }
  },
  {
    "test_case":"EXIST2025",
    "id":"420277",
    "value":{
      "YES":0.887814641,
      "NO":0.1121853814
    }
  },
  {
    "test_case":"EXIST2025",
    "id":"420278",
    "value":{
      "YES":0.210472241,
      "NO":0.7895277739
    }
  },
  {
    "test_case":"EXIST2025",
    "id":"420279",
    "value":{
      "YES":0.0091288276,
      "NO":0.9908711314
    }
  },
  {
    "test_case":"EXIST2025",
    "id":"420280",
    "value":{
      "YES":0.9122906923,
      "NO":0.0877093226
    }
  },
  {
    "test_case":"EXIST2025",
    "id":"420281",
    "value":{
      "YES":0.976960659,
      "NO":0.023039408
    }
  },
  {
    "test_case":"EXIST2025",
    "id":"420282",
    "value":{
      "YES":0.7739695907,
      "NO":0.2260304391
    }
  },
  {
    "test_case":"EXIST2025",
    "id":"420283",
    "value":{
      "YES":0.774148941,
      "NO":0.225851059
    }
  },
  {
    "test_case":"EXIST2025",
    "id":"420284",
    "value":{
      "YES":0.0394243449,
      "NO":0.9605756402
    }
  },
  {
    "test_case":"EXIST2025",
    "id":"420285",
    "value":{
      "YES":0.7108925581,
      "NO":0.2891074419
    }
  },
  {
    "test_case":"EXIST2025",
    "id":"420286",
    "value":{
      "YES":0.9884799123,
      "NO":0.0115201306
    }
  },
  {
    "test_case":"EXIST2025",
    "id":"420287",
    "value":{
      "YES":0.996958971,
      "NO":0.003041025
    }
  },
  {
    "test_case":"EXIST2025",
    "id":"420288",
    "value":{
      "YES":0.9210281968,
      "NO":0.0789718032
    }
  },
  {
    "test_case":"EXIST2025",
    "id":"420289",
    "value":{
      "YES":0.1756042689,
      "NO":0.8243957758
    }
  },
  {
    "test_case":"EXIST2025",
    "id":"420290",
    "value":{
      "YES":0.0248655453,
      "NO":0.9751344919
    }
  },
  {
    "test_case":"EXIST2025",
    "id":"420291",
    "value":{
      "YES":0.2072286755,
      "NO":0.7927712798
    }
  },
  {
    "test_case":"EXIST2025",
    "id":"420292",
    "value":{
      "YES":0.9918718338,
      "NO":0.0081281932
    }
  },
  {
    "test_case":"EXIST2025",
    "id":"420293",
    "value":{
      "YES":0.0959397852,
      "NO":0.904060185
    }
  },
  {
    "test_case":"EXIST2025",
    "id":"420294",
    "value":{
      "YES":0.9956986904,
      "NO":0.0043012733
    }
  },
  {
    "test_case":"EXIST2025",
    "id":"420295",
    "value":{
      "YES":0.69488585,
      "NO":0.3051141202
    }
  },
  {
    "test_case":"EXIST2025",
    "id":"420296",
    "value":{
      "YES":0.9973498583,
      "NO":0.0026501035
    }
  },
  {
    "test_case":"EXIST2025",
    "id":"420297",
    "value":{
      "YES":0.0157328174,
      "NO":0.9842671752
    }
  },
  {
    "test_case":"EXIST2025",
    "id":"420298",
    "value":{
      "YES":0.9968982935,
      "NO":0.0031017025
    }
  },
  {
    "test_case":"EXIST2025",
    "id":"420299",
    "value":{
      "YES":0.2517496645,
      "NO":0.7482503653
    }
  },
  {
    "test_case":"EXIST2025",
    "id":"420300",
    "value":{
      "YES":0.3830349445,
      "NO":0.6169649959
    }
  },
  {
    "test_case":"EXIST2025",
    "id":"420301",
    "value":{
      "YES":0.1003897265,
      "NO":0.8996102214
    }
  },
  {
    "test_case":"EXIST2025",
    "id":"420302",
    "value":{
      "YES":0.9948675632,
      "NO":0.0051323986
    }
  },
  {
    "test_case":"EXIST2025",
    "id":"420303",
    "value":{
      "YES":0.9967654943,
      "NO":0.0032345485
    }
  },
  {
    "test_case":"EXIST2025",
    "id":"420304",
    "value":{
      "YES":0.4862657785,
      "NO":0.5137342215
    }
  },
  {
    "test_case":"EXIST2025",
    "id":"420305",
    "value":{
      "YES":0.3265710771,
      "NO":0.6734289527
    }
  },
  {
    "test_case":"EXIST2025",
    "id":"420306",
    "value":{
      "YES":0.4659735262,
      "NO":0.534026444
    }
  },
  {
    "test_case":"EXIST2025",
    "id":"420307",
    "value":{
      "YES":0.7050676942,
      "NO":0.2949322462
    }
  },
  {
    "test_case":"EXIST2025",
    "id":"420308",
    "value":{
      "YES":0.2484078705,
      "NO":0.7515921593
    }
  },
  {
    "test_case":"EXIST2025",
    "id":"420309",
    "value":{
      "YES":0.033200942,
      "NO":0.9667990804
    }
  },
  {
    "test_case":"EXIST2025",
    "id":"420310",
    "value":{
      "YES":0.8963035345,
      "NO":0.1036964431
    }
  },
  {
    "test_case":"EXIST2025",
    "id":"420311",
    "value":{
      "YES":0.0370966494,
      "NO":0.9629033804
    }
  },
  {
    "test_case":"EXIST2025",
    "id":"420312",
    "value":{
      "YES":0.9605438113,
      "NO":0.0394561663
    }
  },
  {
    "test_case":"EXIST2025",
    "id":"420313",
    "value":{
      "YES":0.0923629105,
      "NO":0.9076371193
    }
  },
  {
    "test_case":"EXIST2025",
    "id":"420314",
    "value":{
      "YES":0.1948584616,
      "NO":0.8051415682
    }
  },
  {
    "test_case":"EXIST2025",
    "id":"420315",
    "value":{
      "YES":0.5291575193,
      "NO":0.4708425403
    }
  },
  {
    "test_case":"EXIST2025",
    "id":"420316",
    "value":{
      "YES":0.9920727611,
      "NO":0.0079272389
    }
  },
  {
    "test_case":"EXIST2025",
    "id":"420317",
    "value":{
      "YES":0.994556427,
      "NO":0.0054436312
    }
  },
  {
    "test_case":"EXIST2025",
    "id":"420318",
    "value":{
      "YES":0.9890774488,
      "NO":0.0109225428
    }
  },
  {
    "test_case":"EXIST2025",
    "id":"420319",
    "value":{
      "YES":0.994631052,
      "NO":0.0053689894
    }
  },
  {
    "test_case":"EXIST2025",
    "id":"420320",
    "value":{
      "YES":0.7443476319,
      "NO":0.2556523681
    }
  },
  {
    "test_case":"EXIST2025",
    "id":"420321",
    "value":{
      "YES":0.0928886682,
      "NO":0.9071112871
    }
  },
  {
    "test_case":"EXIST2025",
    "id":"420322",
    "value":{
      "YES":0.2796312869,
      "NO":0.7203686833
    }
  },
  {
    "test_case":"EXIST2025",
    "id":"420323",
    "value":{
      "YES":0.2366865873,
      "NO":0.7633134127
    }
  },
  {
    "test_case":"EXIST2025",
    "id":"420324",
    "value":{
      "YES":0.9885250926,
      "NO":0.0114749232
    }
  },
  {
    "test_case":"EXIST2025",
    "id":"420325",
    "value":{
      "YES":0.0398551151,
      "NO":0.9601448774
    }
  },
  {
    "test_case":"EXIST2025",
    "id":"420326",
    "value":{
      "YES":0.9923197627,
      "NO":0.0076801674
    }
  },
  {
    "test_case":"EXIST2025",
    "id":"420327",
    "value":{
      "YES":0.2573191524,
      "NO":0.7426809072
    }
  },
  {
    "test_case":"EXIST2025",
    "id":"420328",
    "value":{
      "YES":0.9825026989,
      "NO":0.0174973365
    }
  },
  {
    "test_case":"EXIST2025",
    "id":"420329",
    "value":{
      "YES":0.4931397736,
      "NO":0.5068601966
    }
  },
  {
    "test_case":"EXIST2025",
    "id":"420330",
    "value":{
      "YES":0.3799486756,
      "NO":0.6200513244
    }
  },
  {
    "test_case":"EXIST2025",
    "id":"420331",
    "value":{
      "YES":0.9863669276,
      "NO":0.013633077
    }
  },
  {
    "test_case":"EXIST2025",
    "id":"420332",
    "value":{
      "YES":0.9968464971,
      "NO":0.0031534347
    }
  },
  {
    "test_case":"EXIST2025",
    "id":"420333",
    "value":{
      "YES":0.6486521363,
      "NO":0.3513478637
    }
  },
  {
    "test_case":"EXIST2025",
    "id":"420334",
    "value":{
      "YES":0.1904420108,
      "NO":0.8095579743
    }
  },
  {
    "test_case":"EXIST2025",
    "id":"420335",
    "value":{
      "YES":0.9303538203,
      "NO":0.0696462095
    }
  },
  {
    "test_case":"EXIST2025",
    "id":"420336",
    "value":{
      "YES":0.3496538103,
      "NO":0.6503462195
    }
  },
  {
    "test_case":"EXIST2025",
    "id":"420337",
    "value":{
      "YES":0.9764843583,
      "NO":0.0235155895
    }
  },
  {
    "test_case":"EXIST2025",
    "id":"420338",
    "value":{
      "YES":0.2287798524,
      "NO":0.7712201476
    }
  },
  {
    "test_case":"EXIST2025",
    "id":"420339",
    "value":{
      "YES":0.3826716244,
      "NO":0.6173283458
    }
  },
  {
    "test_case":"EXIST2025",
    "id":"420340",
    "value":{
      "YES":0.976094842,
      "NO":0.0239050929
    }
  },
  {
    "test_case":"EXIST2025",
    "id":"420341",
    "value":{
      "YES":0.758518517,
      "NO":0.2414814532
    }
  },
  {
    "test_case":"EXIST2025",
    "id":"420342",
    "value":{
      "YES":0.1058836579,
      "NO":0.8941162825
    }
  },
  {
    "test_case":"EXIST2025",
    "id":"420343",
    "value":{
      "YES":0.0220272318,
      "NO":0.9779727459
    }
  },
  {
    "test_case":"EXIST2025",
    "id":"420344",
    "value":{
      "YES":0.9896216393,
      "NO":0.0103783077
    }
  },
  {
    "test_case":"EXIST2025",
    "id":"420345",
    "value":{
      "YES":0.0339205787,
      "NO":0.9660794735
    }
  },
  {
    "test_case":"EXIST2025",
    "id":"420346",
    "value":{
      "YES":0.3038940132,
      "NO":0.6961060166
    }
  },
  {
    "test_case":"EXIST2025",
    "id":"420347",
    "value":{
      "YES":0.2311807573,
      "NO":0.7688192129
    }
  },
  {
    "test_case":"EXIST2025",
    "id":"420348",
    "value":{
      "YES":0.1551468968,
      "NO":0.8448531032
    }
  },
  {
    "test_case":"EXIST2025",
    "id":"420349",
    "value":{
      "YES":0.7015151381,
      "NO":0.298484832
    }
  },
  {
    "test_case":"EXIST2025",
    "id":"420350",
    "value":{
      "YES":0.4129339755,
      "NO":0.5870659947
    }
  },
  {
    "test_case":"EXIST2025",
    "id":"420351",
    "value":{
      "YES":0.9953843951,
      "NO":0.0046156496
    }
  },
  {
    "test_case":"EXIST2025",
    "id":"420352",
    "value":{
      "YES":0.8748561144,
      "NO":0.1251438707
    }
  },
  {
    "test_case":"EXIST2025",
    "id":"420353",
    "value":{
      "YES":0.2859903872,
      "NO":0.7140096426
    }
  },
  {
    "test_case":"EXIST2025",
    "id":"420354",
    "value":{
      "YES":0.1852133721,
      "NO":0.814786613
    }
  },
  {
    "test_case":"EXIST2025",
    "id":"420355",
    "value":{
      "YES":0.0837126672,
      "NO":0.9162873626
    }
  },
  {
    "test_case":"EXIST2025",
    "id":"420356",
    "value":{
      "YES":0.9699356556,
      "NO":0.0300643407
    }
  },
  {
    "test_case":"EXIST2025",
    "id":"420357",
    "value":{
      "YES":0.9863222837,
      "NO":0.0136777516
    }
  },
  {
    "test_case":"EXIST2025",
    "id":"420358",
    "value":{
      "YES":0.9830936193,
      "NO":0.0169064309
    }
  },
  {
    "test_case":"EXIST2025",
    "id":"420359",
    "value":{
      "YES":0.9952681661,
      "NO":0.0047318647
    }
  },
  {
    "test_case":"EXIST2025",
    "id":"420360",
    "value":{
      "YES":0.3432628512,
      "NO":0.6567372084
    }
  },
  {
    "test_case":"EXIST2025",
    "id":"420361",
    "value":{
      "YES":0.0456319116,
      "NO":0.9543680549
    }
  },
  {
    "test_case":"EXIST2025",
    "id":"420362",
    "value":{
      "YES":0.431794852,
      "NO":0.5682051182
    }
  },
  {
    "test_case":"EXIST2025",
    "id":"420363",
    "value":{
      "YES":0.3025007546,
      "NO":0.6974992752
    }
  },
  {
    "test_case":"EXIST2025",
    "id":"420364",
    "value":{
      "YES":0.0634399056,
      "NO":0.936560154
    }
  },
  {
    "test_case":"EXIST2025",
    "id":"420365",
    "value":{
      "YES":0.0796734989,
      "NO":0.9203265309
    }
  },
  {
    "test_case":"EXIST2025",
    "id":"420366",
    "value":{
      "YES":0.0695921034,
      "NO":0.9304079413
    }
  },
  {
    "test_case":"EXIST2025",
    "id":"420367",
    "value":{
      "YES":0.5914744139,
      "NO":0.4085256159
    }
  },
  {
    "test_case":"EXIST2025",
    "id":"420368",
    "value":{
      "YES":0.0367212258,
      "NO":0.9632787704
    }
  },
  {
    "test_case":"EXIST2025",
    "id":"420369",
    "value":{
      "YES":0.0516472943,
      "NO":0.9483526945
    }
  },
  {
    "test_case":"EXIST2025",
    "id":"420370",
    "value":{
      "YES":0.5898336172,
      "NO":0.4101664126
    }
  }
]